extraction_ID,alternative_ID,source,collection_year,collection_month,collection_day,location1,location2,location3,longitude,latitude,sample_type,depth,sample_volume_liters,sample_collect_device,filter_type,filter_size_micrometer,filter_preservation,preservation_volume_milliliters,time_of_day,project,collected_by,extraction_by,extraction_date,extraction_kit,plate_or_vial,longmire_volume_input_microliter,elution_volume_microliters,extraction_plate_ID,extraction_well_ID,dna_conc_ng_uL,additional_metadata,accompanying_data,,,,,,,,,,,
e06296,NFSG401ANY-9,fecal loop,2025,9,11,Alaska,St. Paul,Vostochni,,,sample,,,NA,NA,NA,NA,5,,NFS diet,,JLM,2026_07_31,Macherey Nagel Nucleospin 96 Stool Core,plate,,80,NFS_01,A1,,,,,,,,,,,,,,
e06297,NFSG403ANY-9,fecal loop,2025,9,11,Alaska,St. Paul,Vostochni,,,sample,,,NA,NA,NA,NA,5,,NFS diet,,JLM,2026_07_31,Macherey Nagel Nucleospin 96 Stool Core,plate,,80,NFS_01,B1,,,,,,,,,,,,,,
e06298,NFSG250ANY-9,fecal loop,2025,9,11,Alaska,St. Paul,Vostochni,,,sample,,,NA,NA,NA,NA,5,,NFS diet,,JLM,2026_07_31,Macherey Nagel Nucleospin 96 Stool Core,plate,,80,NFS_01,C1,,,,,,,,,,,,,,
e06299,NFSG411ANY-9,fecal loop,2025,9,11,Alaska,St. Paul,Vostochni,,,sample,,,NA,NA,NA,NA,5,,NFS diet,,JLM,2026_07_31,Macherey Nagel Nucleospin 96 Stool Core,plate,,80,NFS_01,D1,,,,,,,,,,,,,,
e06300,NFSG409ANY-9,fecal loop,2025,9,11,Alaska,St. Paul,Vostochni,,,sample,,,NA,NA,NA,NA,5,,NFS diet,,JLM,2026_07_31,Macherey Nagel Nucleospin 96 Stool Core,plate,,80,NFS_01,E1,,,,,,,,,,,,,,
e06301,NFSG415ANY-9,fecal loop,2025,9,11,Alaska,St. Paul,Vostochni,,,sample,,,NA,NA,NA,NA,5,,NFS diet,,JLM,2026_07_31,Macherey Nagel Nucleospin 96 Stool Core,plate,,80,NFS_01,F1,,,,,,,,,,,,,,
e06302,NFSG413ANY-9,fecal loop,2025,9,11,Alaska,St. Paul,Vostochni,,,sample,,,NA,NA,NA,NA,5,,NFS diet,,JLM,2026_07_31,Macherey Nagel Nucleospin 96 Stool Core,plate,,80,NFS_01,G1,,,,,,,,,,,,,,
e06303,NFSG418ANY-9,fecal loop,2025,9,11,Alaska,St. Paul,Vostochni,,,sample,,,NA,NA,NA,NA,5,,NFS diet,,JLM,2026_07_31,Macherey Nagel Nucleospin 96 Stool Core,plate,,80,NFS_01,H1,,,,,,,,,,,,,,
e06304,NFSG419ANY-9,fecal loop,2025,9,12,Alaska,St. Paul,Vostochni,,,sample,,,NA,NA,NA,NA,5,,NFS diet,,JLM,2026_07_31,Macherey Nagel Nucleospin 96 Stool Core,plate,,80,NFS_01,A2,,,,,,,,,,,,,,
e06305,NFSG423ANY-9,fecal loop,2025,9,12,Alaska,St. Paul,Vostochni,,,sample,,,NA,NA,NA,NA,5,,NFS diet,,JLM,2026_07_31,Macherey Nagel Nucleospin 96 Stool Core,plate,,80,NFS_01,B2,,,,,,,,,,,,,,
e06306,NFSG421ANY-9,fecal loop,2025,9,12,Alaska,St. Paul,Vostochni,,,sample,,,NA,NA,NA,NA,5,,NFS diet,,JLM,2026_07_31,Macherey Nagel Nucleospin 96 Stool Core,plate,,80,NFS_01,C2,,,,,,,,,,,,,,
e06307,NFSG425ANY-9,fecal loop,2025,9,12,Alaska,St. Paul,Vostochni,,,sample,,,NA,NA,NA,NA,5,,NFS diet,,JLM,2026_07_31,Macherey Nagel Nucleospin 96 Stool Core,plate,,80,NFS_01,D2,,,,,,,,,,,,,,
e06308,NFSG427ANY-9,fecal loop,2025,9,12,Alaska,St. Paul,Vostochni,,,sample,,,NA,NA,NA,NA,5,,NFS diet,,JLM,2026_07_31,Macherey Nagel Nucleospin 96 Stool Core,plate,,80,NFS_01,E2,,,,,,,,,,,,,,
e06309,NFSG428ANY-9,fecal loop,2025,9,12,Alaska,St. Paul,Vostochni,,,sample,,,NA,NA,NA,NA,5,,NFS diet,,JLM,2026_07_31,Macherey Nagel Nucleospin 96 Stool Core,plate,,80,NFS_01,F2,,,,,,,,,,,,,,
e06310,NFSG432ANY-9,fecal loop,2025,9,12,Alaska,St. Paul,Vostochni,,,sample,,,NA,NA,NA,NA,5,,NFS diet,,JLM,2026_07_31,Macherey Nagel Nucleospin 96 Stool Core,plate,,80,NFS_01,G2,,,,,,,,,,,,,,
e06311,NFSG431ANY-9,fecal loop,2025,9,12,Alaska,St. Paul,Vostochni,,,sample,,,NA,NA,NA,NA,5,,NFS diet,,JLM,2026_07_31,Macherey Nagel Nucleospin 96 Stool Core,plate,,80,NFS_01,H2,,,,,,,,,,,,,,
e06312,NFSG435ANY-9,fecal loop,2025,9,12,Alaska,St. Paul,Vostochni,,,sample,,,NA,NA,NA,NA,5,,NFS diet,,JLM,2026_07_31,Macherey Nagel Nucleospin 96 Stool Core,plate,,80,NFS_01,A3,,,,,,,,,,,,,,
e06313,NFSG413ANY-9,fecal loop,2025,9,16,Alaska,St. Paul,Vostochni,,,sample,,,NA,NA,NA,NA,5,,NFS diet,,JLM,2026_07_31,Macherey Nagel Nucleospin 96 Stool Core,plate,,80,NFS_01,B3,,,,,,,,,,,,,,
e06314,NFSG250ANY-9,fecal loop,2025,9,16,Alaska,St. Paul,Vostochni,,,sample,,,NA,NA,NA,NA,5,,NFS diet,,JLM,2026_07_31,Macherey Nagel Nucleospin 96 Stool Core,plate,,80,NFS_01,C3,,,,,,,,,,,,,,
e06315,NFSG415ANY-9,fecal loop,2025,9,16,Alaska,St. Paul,Vostochni,,,sample,,,NA,NA,NA,NA,5,,NFS diet,,JLM,2026_07_31,Macherey Nagel Nucleospin 96 Stool Core,plate,,80,NFS_01,D3,,,,,,,,,,,,,,
e06316,NFSG411ANY-9,fecal loop,2025,9,17,Alaska,St. Paul,Vostochni,,,sample,,,NA,NA,NA,NA,5,,NFS diet,,JLM,2026_07_31,Macherey Nagel Nucleospin 96 Stool Core,plate,,80,NFS_01,E3,,,,,,,,,,,,,,
e06317,NFSG418ANY-9,fecal loop,2025,9,20,Alaska,St. Paul,Vostochni,,,sample,,,NA,NA,NA,NA,5,,NFS diet,,JLM,2026_07_31,Macherey Nagel Nucleospin 96 Stool Core,plate,,80,NFS_01,F3,,,,,,,,,,,,,,
e06318,NFS Scat 1A,RNAlater,2025,9,13,Alaska,St. Paul,Zapadni Reef,,,sample,,,NA,NA,NA,NA,5,,NFS diet,,JLM,2026_07_31,Macherey Nagel Nucleospin 96 Stool Core,plate,,80,NFS_01,G3,,,,,,,,,,,,,,
e06319,NFS Scat 1B,RNAlater,2025,9,13,Alaska,St. Paul,Zapadni Reef,,,sample,,,NA,NA,NA,NA,5,,NFS diet,,JLM,2026_07_31,Macherey Nagel Nucleospin 96 Stool Core,plate,,80,NFS_01,H3,,,,,,,,,,,,,,
e06320,NFS Scat 2A,RNAlater,2025,9,13,Alaska,St. Paul,Zapadni Reef,,,sample,,,NA,NA,NA,NA,5,,NFS diet,,JLM,2026_07_31,Macherey Nagel Nucleospin 96 Stool Core,plate,,80,NFS_01,A4,,,,,,,,,,,,,,
e06321,NFS Scat 2B,RNAlater,2025,9,13,Alaska,St. Paul,Zapadni Reef,,,sample,,,NA,NA,NA,NA,5,,NFS diet,,JLM,2026_07_31,Macherey Nagel Nucleospin 96 Stool Core,plate,,80,NFS_01,B4,,,,,,,,,,,,,,
e06322,NFS Scat 3A,RNAlater,2025,9,13,Alaska,St. Paul,Zapadni Reef,,,sample,,,NA,NA,NA,NA,5,,NFS diet,,JLM,2026_07_31,Macherey Nagel Nucleospin 96 Stool Core,plate,,80,NFS_01,C4,,,,,,,,,,,,,,
e06323,NFS Scat 3B,RNAlater,2025,9,13,Alaska,St. Paul,Zapadni Reef,,,sample,,,NA,NA,NA,NA,5,,NFS diet,,JLM,2026_07_31,Macherey Nagel Nucleospin 96 Stool Core,plate,,80,NFS_01,D4,,,,,,,,,,,,,,
e06324,NFS Scat 5A,RNAlater,2025,9,13,Alaska,St. Paul,Zapadni Reef,,,sample,,,NA,NA,NA,NA,5,,NFS diet,,JLM,2026_07_31,Macherey Nagel Nucleospin 96 Stool Core,plate,,80,NFS_01,E4,,,,,,,,,,,,,,
e06325,NFS Scat 5B,RNAlater,2025,9,13,Alaska,St. Paul,Zapadni Reef,,,sample,,,NA,NA,NA,NA,5,,NFS diet,,JLM,2026_07_31,Macherey Nagel Nucleospin 96 Stool Core,plate,,80,NFS_01,F4,,,,,,,,,,,,,,
e06326,NFS Scat 6A,RNAlater,2025,9,13,Alaska,St. Paul,Zapadni Reef,,,sample,,,NA,NA,NA,NA,5,,NFS diet,,JLM,2026_07_31,Macherey Nagel Nucleospin 96 Stool Core,plate,,80,NFS_01,G4,,,,,,,,,,,,,,
e06327,NFS Scat 6B,RNAlater,2025,9,13,Alaska,St. Paul,Zapadni Reef,,,sample,,,NA,NA,NA,NA,5,,NFS diet,,JLM,2026_07_31,Macherey Nagel Nucleospin 96 Stool Core,plate,,80,NFS_01,A5,,,,,,,,,,,,,,
e06328,NFS Scat 7A,RNAlater,2025,9,13,Alaska,St. Paul,Zapadni Reef,,,sample,,,NA,NA,NA,NA,5,,NFS diet,,JLM,2026_07_31,Macherey Nagel Nucleospin 96 Stool Core,plate,,80,NFS_01,B5,,,,,,,,,,,,,,
e06329,NFS Scat 7B,RNAlater,2025,9,13,Alaska,St. Paul,Zapadni Reef,,,sample,,,NA,NA,NA,NA,5,,NFS diet,,JLM,2026_07_31,Macherey Nagel Nucleospin 96 Stool Core,plate,,80,NFS_01,C5,,,,,,,,,,,,,,
e06330,NFS Scat 8A,RNAlater,2025,9,13,Alaska,St. Paul,Zapadni Reef,,,sample,,,NA,NA,NA,NA,5,,NFS diet,,JLM,2026_07_31,Macherey Nagel Nucleospin 96 Stool Core,plate,,80,NFS_01,D5,,,,,,,,,,,,,,
e06331,NFS Scat 8B,RNAlater,2025,9,13,Alaska,St. Paul,Zapadni Reef,,,sample,,,NA,NA,NA,NA,5,,NFS diet,,JLM,2026_07_31,Macherey Nagel Nucleospin 96 Stool Core,plate,,80,NFS_01,E5,,,,,,,,,,,,,,
e06332,NFS Scat 9A,RNAlater,2025,9,13,Alaska,St. Paul,Zapadni Reef,,,sample,,,NA,NA,NA,NA,5,,NFS diet,,JLM,2026_07_31,Macherey Nagel Nucleospin 96 Stool Core,plate,,80,NFS_01,F5,,,,,,,,,,,,,,
e06333,NFS Scat 9B,RNAlater,2025,9,13,Alaska,St. Paul,Zapadni Reef,,,sample,,,NA,NA,NA,NA,5,,NFS diet,,JLM,2026_07_31,Macherey Nagel Nucleospin 96 Stool Core,plate,,80,NFS_01,G5,,,,,,,,,,,,,,
e06334,NFS Scat 10A,RNAlater,2025,9,13,Alaska,St. Paul,Zapadni Reef,,,sample,,,NA,NA,NA,NA,5,,NFS diet,,JLM,2026_07_31,Macherey Nagel Nucleospin 96 Stool Core,plate,,80,NFS_01,H5,,,,,,,,,,,,,,
e06335,NFS Scat 10B,RNAlater,2025,9,13,Alaska,St. Paul,Zapadni Reef,,,sample,,,NA,NA,NA,NA,5,,NFS diet,,JLM,2026_07_31,Macherey Nagel Nucleospin 96 Stool Core,plate,,80,NFS_01,A6,,,,,,,,,,,,,,
e06336,NFS Scat 13A,RNAlater,2025,9,13,Alaska,St. Paul,Zapadni Reef,,,sample,,,NA,NA,NA,NA,5,,NFS diet,,JLM,2026_07_31,Macherey Nagel Nucleospin 96 Stool Core,plate,,80,NFS_01,B6,,,,,,,,,,,,,,
e06337,NFS Scat 13B,RNAlater,2025,9,13,Alaska,St. Paul,Zapadni Reef,,,sample,,,NA,NA,NA,NA,5,,NFS diet,,JLM,2026_07_31,Macherey Nagel Nucleospin 96 Stool Core,plate,,80,NFS_01,C6,,,,,,,,,,,,,,
e06338,NFS Scat 14A,RNAlater,2025,9,13,Alaska,St. Paul,Zapadni Reef,,,sample,,,NA,NA,NA,NA,5,,NFS diet,,JLM,2026_07_31,Macherey Nagel Nucleospin 96 Stool Core,plate,,80,NFS_01,D6,,,,,,,,,,,,,,
e06339,NFS Scat 14B,RNAlater,2025,9,13,Alaska,St. Paul,Zapadni Reef,,,sample,,,NA,NA,NA,NA,5,,NFS diet,,JLM,2026_07_31,Macherey Nagel Nucleospin 96 Stool Core,plate,,80,NFS_01,E6,,,,,,,,,,,,,,
e06340,NFS Scat 15A,RNAlater,2025,9,13,Alaska,St. Paul,Zapadni Reef,,,sample,,,NA,NA,NA,NA,5,,NFS diet,,JLM,2026_07_31,Macherey Nagel Nucleospin 96 Stool Core,plate,,80,NFS_01,F6,,,,,,,,,,,,,,
e06341,NFS Scat 15B,RNAlater,2025,9,13,Alaska,St. Paul,Zapadni Reef,,,sample,,,NA,NA,NA,NA,5,,NFS diet,,JLM,2026_07_31,Macherey Nagel Nucleospin 96 Stool Core,plate,,80,NFS_01,G6,,,,,,,,,,,,,,
e06342,NFS Scat 16A,RNAlater,2025,9,13,Alaska,St. Paul,Zapadni Reef,,,sample,,,NA,NA,NA,NA,5,,NFS diet,,JLM,2026_07_31,Macherey Nagel Nucleospin 96 Stool Core,plate,,80,NFS_01,H6,,,,,,,,,,,,,,
e06343,NFS Scat 16B,RNAlater,2025,9,13,Alaska,St. Paul,Zapadni Reef,,,sample,,,NA,NA,NA,NA,5,,NFS diet,,JLM,2026_07_31,Macherey Nagel Nucleospin 96 Stool Core,plate,,80,NFS_01,A7,,,,,,,,,,,,,,
e06344,NFS Scat 17A,RNAlater,2025,9,13,Alaska,St. Paul,Zapadni Reef,,,sample,,,NA,NA,NA,NA,5,,NFS diet,,JLM,2026_07_31,Macherey Nagel Nucleospin 96 Stool Core,plate,,80,NFS_01,B7,,,,,,,,,,,,,,
e06345,NFS Scat 17B,RNAlater,2025,9,13,Alaska,St. Paul,Zapadni Reef,,,sample,,,NA,NA,NA,NA,5,,NFS diet,,JLM,2026_07_31,Macherey Nagel Nucleospin 96 Stool Core,plate,,80,NFS_01,C7,,,,,,,,,,,,,,
e06346,NFS Scat 18A,RNAlater,2025,9,13,Alaska,St. Paul,Zapadni Reef,,,sample,,,NA,NA,NA,NA,5,,NFS diet,,JLM,2026_07_31,Macherey Nagel Nucleospin 96 Stool Core,plate,,80,NFS_01,D7,,,,,,,,,,,,,,
e06347,NFS Scat 18B,RNAlater,2025,9,13,Alaska,St. Paul,Zapadni Reef,,,sample,,,NA,NA,NA,NA,5,,NFS diet,,JLM,2026_07_31,Macherey Nagel Nucleospin 96 Stool Core,plate,,80,NFS_01,E7,,,,,,,,,,,,,,
e06348,NFS Scat 19A,RNAlater,2025,9,13,Alaska,St. Paul,Zapadni Reef,,,sample,,,NA,NA,NA,NA,5,,NFS diet,,JLM,2026_07_31,Macherey Nagel Nucleospin 96 Stool Core,plate,,80,NFS_01,F7,,,,,,,,,,,,,,
e06349,NFS Scat 19B,RNAlater,2025,9,13,Alaska,St. Paul,Zapadni Reef,,,sample,,,NA,NA,NA,NA,5,,NFS diet,,JLM,2026_07_31,Macherey Nagel Nucleospin 96 Stool Core,plate,,80,NFS_01,G7,,,,,,,,,,,,,,
e06350,NFS Scat 1A,RNAlater,2025,9,14,Alaska,St. Paul,Polovina Cliffs,,,sample,,,NA,NA,NA,NA,5,,NFS diet,,JLM,2026_07_31,Macherey Nagel Nucleospin 96 Stool Core,plate,,80,NFS_01,A8,,,,,,,,,,,,,,
e06351,NFS Scat 1B,RNAlater,2025,9,14,Alaska,St. Paul,Polovina Cliffs,,,sample,,,NA,NA,NA,NA,5,,NFS diet,,JLM,2026_07_31,Macherey Nagel Nucleospin 96 Stool Core,plate,,80,NFS_01,B8,,,,,,,,,,,,,,
e06352,NFS Scat 2A,RNAlater,2025,9,14,Alaska,St. Paul,Polovina Cliffs,,,sample,,,NA,NA,NA,NA,5,,NFS diet,,JLM,2026_07_31,Macherey Nagel Nucleospin 96 Stool Core,plate,,80,NFS_01,C8,,,,,,,,,,,,,,
e06353,NFS Scat 2B,RNAlater,2025,9,14,Alaska,St. Paul,Polovina Cliffs,,,sample,,,NA,NA,NA,NA,5,,NFS diet,,JLM,2026_07_31,Macherey Nagel Nucleospin 96 Stool Core,plate,,80,NFS_01,D8,,,,,,,,,,,,,,
e06354,NFS Scat 3A,RNAlater,2025,9,14,Alaska,St. Paul,Polovina Cliffs,,,sample,,,NA,NA,NA,NA,5,,NFS diet,,JLM,2026_07_31,Macherey Nagel Nucleospin 96 Stool Core,plate,,80,NFS_01,E8,,,,,,,,,,,,,,
e06355,NFS Scat 3B,RNAlater,2025,9,14,Alaska,St. Paul,Polovina Cliffs,,,sample,,,NA,NA,NA,NA,5,,NFS diet,,JLM,2026_07_31,Macherey Nagel Nucleospin 96 Stool Core,plate,,80,NFS_01,F8,,,,,,,,,,,,,,
e06356,NFS Scat 4A,RNAlater,2025,9,14,Alaska,St. Paul,Polovina Cliffs,,,sample,,,NA,NA,NA,NA,5,,NFS diet,,JLM,2026_07_31,Macherey Nagel Nucleospin 96 Stool Core,plate,,80,NFS_01,G8,,,,,,,,,,,,,,
e06357,NFS Scat 4B,RNAlater,2025,9,14,Alaska,St. Paul,Polovina Cliffs,,,sample,,,NA,NA,NA,NA,5,,NFS diet,,JLM,2026_07_31,Macherey Nagel Nucleospin 96 Stool Core,plate,,80,NFS_01,H8,,,,,,,,,,,,,,
e06358,NFS Scat 5A,RNAlater,2025,9,14,Alaska,St. Paul,Polovina Cliffs,,,sample,,,NA,NA,NA,NA,5,,NFS diet,,JLM,2026_07_31,Macherey Nagel Nucleospin 96 Stool Core,plate,,80,NFS_01,A9,,,,,,,,,,,,,,
e06359,NFS Scat 5B,RNAlater,2025,9,14,Alaska,St. Paul,Polovina Cliffs,,,sample,,,NA,NA,NA,NA,5,,NFS diet,,JLM,2026_07_31,Macherey Nagel Nucleospin 96 Stool Core,plate,,80,NFS_01,B9,,,,,,,,,,,,,,
e06360,NFS Scat 6A,RNAlater,2025,9,14,Alaska,St. Paul,Polovina Cliffs,,,sample,,,NA,NA,NA,NA,5,,NFS diet,,JLM,2026_07_31,Macherey Nagel Nucleospin 96 Stool Core,plate,,80,NFS_01,C9,,,,,,,,,,,,,,
e06361,NFS Scat 6B,RNAlater,2025,9,14,Alaska,St. Paul,Polovina Cliffs,,,sample,,,NA,NA,NA,NA,5,,NFS diet,,JLM,2026_07_31,Macherey Nagel Nucleospin 96 Stool Core,plate,,80,NFS_01,D9,,,,,,,,,,,,,,
e06362,NFS Scat 7A,RNAlater,2025,9,14,Alaska,St. Paul,Polovina Cliffs,,,sample,,,NA,NA,NA,NA,5,,NFS diet,,JLM,2026_07_31,Macherey Nagel Nucleospin 96 Stool Core,plate,,80,NFS_01,E9,,,,,,,,,,,,,,
e06363,NFS Scat 7B,RNAlater,2025,9,14,Alaska,St. Paul,Polovina Cliffs,,,sample,,,NA,NA,NA,NA,5,,NFS diet,,JLM,2026_07_31,Macherey Nagel Nucleospin 96 Stool Core,plate,,80,NFS_01,F9,,,,,,,,,,,,,,
e06364,NFS Scat 8A,RNAlater,2025,9,14,Alaska,St. Paul,Polovina Cliffs,,,sample,,,NA,NA,NA,NA,5,,NFS diet,,JLM,2026_07_31,Macherey Nagel Nucleospin 96 Stool Core,plate,,80,NFS_01,G9,,,,,,,,,,,,,,
e06365,NFS Scat 8B,RNAlater,2025,9,14,Alaska,St. Paul,Polovina Cliffs,,,sample,,,NA,NA,NA,NA,5,,NFS diet,,JLM,2026_07_31,Macherey Nagel Nucleospin 96 Stool Core,plate,,80,NFS_01,H9,,,,,,,,,,,,,,
e06366,NFS Scat 9A,RNAlater,2025,9,14,Alaska,St. Paul,Polovina Cliffs,,,sample,,,NA,NA,NA,NA,5,,NFS diet,,JLM,2026_07_31,Macherey Nagel Nucleospin 96 Stool Core,plate,,80,NFS_01,A10,,,,,,,,,,,,,,
e06367,NFS Scat 9B,RNAlater,2025,9,14,Alaska,St. Paul,Polovina Cliffs,,,sample,,,NA,NA,NA,NA,5,,NFS diet,,JLM,2026_07_31,Macherey Nagel Nucleospin 96 Stool Core,plate,,80,NFS_01,B10,,,,,,,,,,,,,,
e06368,NFS Scat 10A,RNAlater,2025,9,14,Alaska,St. Paul,Polovina Cliffs,,,sample,,,NA,NA,NA,NA,5,,NFS diet,,JLM,2026_07_31,Macherey Nagel Nucleospin 96 Stool Core,plate,,80,NFS_01,C10,,,,,,,,,,,,,,
e06369,NFS Scat 10B,RNAlater,2025,9,14,Alaska,St. Paul,Polovina Cliffs,,,sample,,,NA,NA,NA,NA,5,,NFS diet,,JLM,2026_07_31,Macherey Nagel Nucleospin 96 Stool Core,plate,,80,NFS_01,D10,,,,,,,,,,,,,,
e06370,NFS Scat 11A,RNAlater,2025,9,14,Alaska,St. Paul,Polovina Cliffs,,,sample,,,NA,NA,NA,NA,5,,NFS diet,,JLM,2026_07_31,Macherey Nagel Nucleospin 96 Stool Core,plate,,80,NFS_01,E10,,,,,,,,,,,,,,
e06371,NFS Scat 11B,RNAlater,2025,9,14,Alaska,St. Paul,Polovina Cliffs,,,sample,,,NA,NA,NA,NA,5,,NFS diet,,JLM,2026_07_31,Macherey Nagel Nucleospin 96 Stool Core,plate,,80,NFS_01,F10,,,,,,,,,,,,,,
e06372,NFS Scat 12A,RNAlater,2025,9,14,Alaska,St. Paul,Polovina Cliffs,,,sample,,,NA,NA,NA,NA,5,,NFS diet,,JLM,2026_07_31,Macherey Nagel Nucleospin 96 Stool Core,plate,,80,NFS_01,G10,,,,,,,,,,,,,,
e06373,NFS Scat 12B,RNAlater,2025,9,14,Alaska,St. Paul,Polovina Cliffs,,,sample,,,NA,NA,NA,NA,5,,NFS diet,,JLM,2026_07_31,Macherey Nagel Nucleospin 96 Stool Core,plate,,80,NFS_01,H10,,,,,,,,,,,,,,
e06374,NFS Scat 13A,RNAlater,2025,9,14,Alaska,St. Paul,Polovina Cliffs,,,sample,,,NA,NA,NA,NA,5,,NFS diet,,JLM,2026_07_31,Macherey Nagel Nucleospin 96 Stool Core,plate,,80,NFS_01,A11,,,,,,,,,,,,,,
e06375,NFS Scat 13B,RNAlater,2025,9,14,Alaska,St. Paul,Polovina Cliffs,,,sample,,,NA,NA,NA,NA,5,,NFS diet,,JLM,2026_07_31,Macherey Nagel Nucleospin 96 Stool Core,plate,,80,NFS_01,B11,,,,,,,,,,,,,,
e06376,NFS Scat 14A,RNAlater,2025,9,14,Alaska,St. Paul,Polovina Cliffs,,,sample,,,NA,NA,NA,NA,5,,NFS diet,,JLM,2026_07_31,Macherey Nagel Nucleospin 96 Stool Core,plate,,80,NFS_01,C11,,,,,,,,,,,,,,
e06377,NFS Scat 14B,RNAlater,2025,9,14,Alaska,St. Paul,Polovina Cliffs,,,sample,,,NA,NA,NA,NA,5,,NFS diet,,JLM,2026_07_31,Macherey Nagel Nucleospin 96 Stool Core,plate,,80,NFS_01,D11,,,,,,,,,,,,,,
e06378,NFS Scat 15A,RNAlater,2025,9,14,Alaska,St. Paul,Polovina Cliffs,,,sample,,,NA,NA,NA,NA,5,,NFS diet,,JLM,2026_07_31,Macherey Nagel Nucleospin 96 Stool Core,plate,,80,NFS_01,E11,,,,,,,,,,,,,,
e06379,NFS Scat 15B,RNAlater,2025,9,14,Alaska,St. Paul,Polovina Cliffs,,,sample,,,NA,NA,NA,NA,5,,NFS diet,,JLM,2026_07_31,Macherey Nagel Nucleospin 96 Stool Core,plate,,80,NFS_01,F11,,,,,,,,,,,,,,
e06380,NFS Scat 16A,RNAlater,2025,9,14,Alaska,St. Paul,Polovina Cliffs,,,sample,,,NA,NA,NA,NA,5,,NFS diet,,JLM,2026_07_31,Macherey Nagel Nucleospin 96 Stool Core,plate,,80,NFS_01,G11,,,,,,,,,,,,,,
e06381,NFS Scat 16B,RNAlater,2025,9,14,Alaska,St. Paul,Polovina Cliffs,,,sample,,,NA,NA,NA,NA,5,,NFS diet,,JLM,2026_07_31,Macherey Nagel Nucleospin 96 Stool Core,plate,,80,NFS_01,H11,,,,,,,,,,,,,,
e06382,NFS Scat 2A,RNAlater,2025,9,17,Alaska,St. Paul,Vostochni,,,sample,,,NA,NA,NA,NA,5,,NFS diet,,JLM,2026_07_31,Macherey Nagel Nucleospin 96 Stool Core,plate,,80,NFS_01,A12,,,,,,,,,,,,,,
e06383,NFS Scat 2B,RNAlater,2025,9,17,Alaska,St. Paul,Vostochni,,,sample,,,NA,NA,NA,NA,5,,NFS diet,,JLM,2026_07_31,Macherey Nagel Nucleospin 96 Stool Core,plate,,80,NFS_01,B12,,,,,,,,,,,,,,
e06384,NFS Scat 3A,RNAlater,2025,9,17,Alaska,St. Paul,Vostochni,,,sample,,,NA,NA,NA,NA,5,,NFS diet,,JLM,2026_07_31,Macherey Nagel Nucleospin 96 Stool Core,plate,,80,NFS_01,C12,,,,,,,,,,,,,,
e06385,NFS Scat 3B,RNAlater,2025,9,17,Alaska,St. Paul,Vostochni,,,sample,,,NA,NA,NA,NA,5,,NFS diet,,JLM,2026_07_31,Macherey Nagel Nucleospin 96 Stool Core,plate,,80,NFS_01,D12,,,,,,,,,,,,,,
e06386,NFS Scat 4A,RNAlater,2025,9,17,Alaska,St. Paul,Vostochni,,,sample,,,NA,NA,NA,NA,5,,NFS diet,,JLM,2026_07_31,Macherey Nagel Nucleospin 96 Stool Core,plate,,80,NFS_01,E12,,,,,,,,,,,,,,
e06387,NFS Scat 4B,RNAlater,2025,9,17,Alaska,St. Paul,Vostochni,,,sample,,,NA,NA,NA,NA,5,,NFS diet,,JLM,2026_07_31,Macherey Nagel Nucleospin 96 Stool Core,plate,,80,NFS_01,F12,,,,,,,,,,,,,,
e06388,NFS Scat 5A,RNAlater,2025,9,17,Alaska,St. Paul,Vostochni,,,sample,,,NA,NA,NA,NA,5,,NFS diet,,JLM,2026_08_19,Macherey Nagel Nucleospin 96 Stool Core,plate,,80,NFS_02,A1,,,,,,,,,,,,,,
e06389,NFS Scat 5B,RNAlater,2025,9,17,Alaska,St. Paul,Vostochni,,,sample,,,NA,NA,NA,NA,5,,NFS diet,,JLM,2026_08_19,Macherey Nagel Nucleospin 96 Stool Core,plate,,80,NFS_02,B1,,,,,,,,,,,,,,
e06390,NFS Scat 6A,RNAlater,2025,9,17,Alaska,St. Paul,Vostochni,,,sample,,,NA,NA,NA,NA,5,,NFS diet,,JLM,2026_08_19,Macherey Nagel Nucleospin 96 Stool Core,plate,,80,NFS_02,C1,,,,,,,,,,,,,,
e06391,NFS Scat 6B,RNAlater,2025,9,17,Alaska,St. Paul,Vostochni,,,sample,,,NA,NA,NA,NA,5,,NFS diet,,JLM,2026_08_19,Macherey Nagel Nucleospin 96 Stool Core,plate,,80,NFS_02,D1,,,,,,,,,,,,,,
e06392,NFS Scat 7A,RNAlater,2025,9,17,Alaska,St. Paul,Vostochni,,,sample,,,NA,NA,NA,NA,5,,NFS diet,,JLM,2026_08_19,Macherey Nagel Nucleospin 96 Stool Core,plate,,80,NFS_02,E1,,,,,,,,,,,,,,
e06393,NFS Scat 7B,RNAlater,2025,9,17,Alaska,St. Paul,Vostochni,,,sample,,,NA,NA,NA,NA,5,,NFS diet,,JLM,2026_08_19,Macherey Nagel Nucleospin 96 Stool Core,plate,,80,NFS_02,F1,,,,,,,,,,,,,,
e06394,NFS Scat 8A,RNAlater,2025,9,17,Alaska,St. Paul,Vostochni,,,sample,,,NA,NA,NA,NA,5,,NFS diet,,JLM,2026_08_19,Macherey Nagel Nucleospin 96 Stool Core,plate,,80,NFS_02,G1,,,,,,,,,,,,,,
e06395,NFS Scat 8B,RNAlater,2025,9,17,Alaska,St. Paul,Vostochni,,,sample,,,NA,NA,NA,NA,5,,NFS diet,,JLM,2026_08_19,Macherey Nagel Nucleospin 96 Stool Core,plate,,80,NFS_02,H1,,,,,,,,,,,,,,
e06396,NFS Scat 9A,RNAlater,2025,9,17,Alaska,St. Paul,Vostochni,,,sample,,,NA,NA,NA,NA,5,,NFS diet,,JLM,2026_08_19,Macherey Nagel Nucleospin 96 Stool Core,plate,,80,NFS_02,A2,,,,,,,,,,,,,,
e06397,NFS Scat 9B,RNAlater,2025,9,17,Alaska,St. Paul,Vostochni,,,sample,,,NA,NA,NA,NA,5,,NFS diet,,JLM,2026_08_19,Macherey Nagel Nucleospin 96 Stool Core,plate,,80,NFS_02,B2,,,,,,,,,,,,,,
e06398,NFS Scat 10A,RNAlater,2025,9,17,Alaska,St. Paul,Vostochni,,,sample,,,NA,NA,NA,NA,5,,NFS diet,,JLM,2026_08_19,Macherey Nagel Nucleospin 96 Stool Core,plate,,80,NFS_02,C2,,,,,,,,,,,,,,
e06399,NFS Scat 10B,RNAlater,2025,9,17,Alaska,St. Paul,Vostochni,,,sample,,,NA,NA,NA,NA,5,,NFS diet,,JLM,2026_08_19,Macherey Nagel Nucleospin 96 Stool Core,plate,,80,NFS_02,D2,,,,,,,,,,,,,,
e06400,NFS Scat 11A,RNAlater,2025,9,17,Alaska,St. Paul,Vostochni,,,sample,,,NA,NA,NA,NA,5,,NFS diet,,JLM,2026_08_19,Macherey Nagel Nucleospin 96 Stool Core,plate,,80,NFS_02,E2,,,,,,,,,,,,,,
e06401,NFS Scat 11B,RNAlater,2025,9,17,Alaska,St. Paul,Vostochni,,,sample,,,NA,NA,NA,NA,5,,NFS diet,,JLM,2026_08_19,Macherey Nagel Nucleospin 96 Stool Core,plate,,80,NFS_02,F2,,,,,,,,,,,,,,
e06402,NFS Scat 12A,RNAlater,2025,9,17,Alaska,St. Paul,Vostochni,,,sample,,,NA,NA,NA,NA,5,,NFS diet,,JLM,2026_08_19,Macherey Nagel Nucleospin 96 Stool Core,plate,,80,NFS_02,G2,,,,,,,,,,,,,,
e06403,NFS Scat 12B,RNAlater,2025,9,17,Alaska,St. Paul,Vostochni,,,sample,,,NA,NA,NA,NA,5,,NFS diet,,JLM,2026_08_19,Macherey Nagel Nucleospin 96 Stool Core,plate,,80,NFS_02,H2,,,,,,,,,,,,,,
e06404,NFS Scat 14A,RNAlater,2025,9,17,Alaska,St. Paul,Vostochni,,,sample,,,NA,NA,NA,NA,5,,NFS diet,,JLM,2026_08_19,Macherey Nagel Nucleospin 96 Stool Core,plate,,80,NFS_02,A3,,,,,,,,,,,,,,
e06405,NFS Scat 14B,RNAlater,2025,9,17,Alaska,St. Paul,Vostochni,,,sample,,,NA,NA,NA,NA,5,,NFS diet,,JLM,2026_08_19,Macherey Nagel Nucleospin 96 Stool Core,plate,,80,NFS_02,B3,,,,,,,,,,,,,,
e06406,NFS Scat 16A,RNAlater,2025,9,17,Alaska,St. Paul,Vostochni,,,sample,,,NA,NA,NA,NA,5,,NFS diet,,JLM,2026_08_19,Macherey Nagel Nucleospin 96 Stool Core,plate,,80,NFS_02,C3,,,,,,,,,,,,,,
e06407,NFS Scat 16B,RNAlater,2025,9,17,Alaska,St. Paul,Vostochni,,,sample,,,NA,NA,NA,NA,5,,NFS diet,,JLM,2026_08_19,Macherey Nagel Nucleospin 96 Stool Core,plate,,80,NFS_02,D3,,,,,,,,,,,,,,
e06408,NFS Scat 17A,RNAlater,2025,9,17,Alaska,St. Paul,Vostochni,,,sample,,,NA,NA,NA,NA,5,,NFS diet,,JLM,2026_08_19,Macherey Nagel Nucleospin 96 Stool Core,plate,,80,NFS_02,E3,,,,,,,,,,,,,,
e06409,NFS Scat 17B,RNAlater,2025,9,17,Alaska,St. Paul,Vostochni,,,sample,,,NA,NA,NA,NA,5,,NFS diet,,JLM,2026_08_19,Macherey Nagel Nucleospin 96 Stool Core,plate,,80,NFS_02,F3,,,,,,,,,,,,,,
e06410,NFS Scat 18A,RNAlater,2025,9,17,Alaska,St. Paul,Vostochni,,,sample,,,NA,NA,NA,NA,5,,NFS diet,,JLM,2026_08_19,Macherey Nagel Nucleospin 96 Stool Core,plate,,80,NFS_02,G3,,,,,,,,,,,,,,
e06411,NFS Scat 18B,RNAlater,2025,9,17,Alaska,St. Paul,Vostochni,,,sample,,,NA,NA,NA,NA,5,,NFS diet,,JLM,2026_08_19,Macherey Nagel Nucleospin 96 Stool Core,plate,,80,NFS_02,H3,,,,,,,,,,,,,,
e06412,NFS Scat 19A,RNAlater,2025,9,17,Alaska,St. Paul,Vostochni,,,sample,,,NA,NA,NA,NA,5,,NFS diet,,JLM,2026_08_19,Macherey Nagel Nucleospin 96 Stool Core,plate,,80,NFS_02,A4,,,,,,,,,,,,,,
e06413,NFS Scat 19B,RNAlater,2025,9,17,Alaska,St. Paul,Vostochni,,,sample,,,NA,NA,NA,NA,5,,NFS diet,,JLM,2026_08_19,Macherey Nagel Nucleospin 96 Stool Core,plate,,80,NFS_02,B4,,,,,,,,,,,,,,
e06414,NFS Scat 20A,RNAlater,2025,9,17,Alaska,St. Paul,Vostochni,,,sample,,,NA,NA,NA,NA,5,,NFS diet,,JLM,2026_08_19,Macherey Nagel Nucleospin 96 Stool Core,plate,,80,NFS_02,C4,,,,,,,,,,,,,,
e06415,NFS Scat 20B,RNAlater,2025,9,17,Alaska,St. Paul,Vostochni,,,sample,,,NA,NA,NA,NA,5,,NFS diet,,JLM,2026_08_19,Macherey Nagel Nucleospin 96 Stool Core,plate,,80,NFS_02,D4,,,,,,,,,,,,,,
e06416,EB1,,,,,,,,,,extraction_blank,,,NA,NA,NA,NA,,,NFS diet,,JLM,2026_08_19,Macherey Nagel Nucleospin 96 Stool Core,plate,,80,NFS_01,H4,,,,,,,,,,,,,,
e06417,EB2,,,,,,,,,,extraction_blank,,,NA,NA,NA,NA,,,NFS diet,,JLM,2026_08_19,Macherey Nagel Nucleospin 96 Stool Core,plate,,80,NFS_01,H7,,,,,,,,,,,,,,
e06418,EB3,,,,,,,,,,extraction_blank,,,NA,NA,NA,NA,,,NFS diet,,JLM,2026_08_19,Macherey Nagel Nucleospin 96 Stool Core,plate,,80,NFS_02,E4,,,,,,,,,,,,,,
e06419,EB4,,,,,,,,,,extraction_blank,,,NA,NA,NA,NA,,,NFS diet,,JLM,2026_08_19,Macherey Nagel Nucleospin 96 Stool Core,plate,,80,NFS_02,A8,,,,,,,,,,,,,,
e06420,NFS0026T,fecal loop,2023,10,3,Alaska,St. George,East Reef,,,sample,,,NA,NA,NA,NA,3,,NFS diet,,JLM,2026_08_19,Macherey Nagel Nucleospin 96 Stool Core,plate,,80,NFS_02,F4,,,,,,,,,,,,,,
e06421,NFS0027T,fecal loop,2023,10,3,Alaska,St. George,East Reef,,,sample,,,NA,NA,NA,NA,3,,NFS diet,,JLM,2026_08_19,Macherey Nagel Nucleospin 96 Stool Core,plate,,80,NFS_02,G4,,,,,,,,,,,,,,
e06422,NFS0029T,fecal loop,2023,10,3,Alaska,St. George,East Reef,,,sample,,,NA,NA,NA,NA,3,,NFS diet,,JLM,2026_08_19,Macherey Nagel Nucleospin 96 Stool Core,plate,,80,NFS_02,H4,,,,,,,,,,,,,,
e06423,NFS0030T,fecal loop,2023,10,3,Alaska,St. George,East Reef,,,sample,,,NA,NA,NA,NA,3,,NFS diet,,JLM,2026_08_19,Macherey Nagel Nucleospin 96 Stool Core,plate,,80,NFS_02,A5,,,,,,,,,,,,,,
e06424,NFS0031T,fecal loop,2023,10,3,Alaska,St. George,East Reef,,,sample,,,NA,NA,NA,NA,3,,NFS diet,,JLM,2026_08_19,Macherey Nagel Nucleospin 96 Stool Core,plate,,80,NFS_02,B5,,,,,,,,,,,,,,
e06425,NFS0032T,fecal loop,2023,10,3,Alaska,St. George,East Reef,,,sample,,,NA,NA,NA,NA,3,,NFS diet,,JLM,2026_08_19,Macherey Nagel Nucleospin 96 Stool Core,plate,,80,NFS_02,C5,,,,,,,,,,,,,,
e06426,NFS0036T,fecal loop,2023,10,3,Alaska,St. George,East Reef,,,sample,,,NA,NA,NA,NA,3,,NFS diet,,JLM,2026_08_19,Macherey Nagel Nucleospin 96 Stool Core,plate,,80,NFS_02,D5,,,,,,,,,,,,,,
e06427,NFS0037T,fecal loop,2023,10,3,Alaska,St. George,East Reef,,,sample,,,NA,NA,NA,NA,3,,NFS diet,,JLM,2026_08_19,Macherey Nagel Nucleospin 96 Stool Core,plate,,80,NFS_02,E5,,,,,,,,,,,,,,
e06428,NFS0038T,fecal loop,2023,10,3,Alaska,St. George,East Reef,,,sample,,,NA,NA,NA,NA,3,,NFS diet,,JLM,2026_08_19,Macherey Nagel Nucleospin 96 Stool Core,plate,,80,NFS_02,F5,,,,,,,,,,,,,,
e06429,NFS0040T,fecal loop,2023,10,3,Alaska,St. George,East Reef,,,sample,,,NA,NA,NA,NA,3,,NFS diet,,JLM,2026_08_19,Macherey Nagel Nucleospin 96 Stool Core,plate,,80,NFS_02,G5,,,,,,,,,,,,,,
e06430,NFS0042T,fecal loop,2023,10,3,Alaska,St. George,East Reef,,,sample,,,NA,NA,NA,NA,3,,NFS diet,,JLM,2026_08_19,Macherey Nagel Nucleospin 96 Stool Core,plate,,80,NFS_02,H5,,,,,,,,,,,,,,
e06431,NFS0043T,fecal loop,2023,10,3,Alaska,St. George,East Reef,,,sample,,,NA,NA,NA,NA,3,,NFS diet,,JLM,2026_08_19,Macherey Nagel Nucleospin 96 Stool Core,plate,,80,NFS_02,A6,,,,,,,,,,,,,,
e06432,NFS0044T,fecal loop,2023,10,3,Alaska,St. George,East Reef,,,sample,,,NA,NA,NA,NA,3,,NFS diet,,JLM,2026_08_19,Macherey Nagel Nucleospin 96 Stool Core,plate,,80,NFS_02,B6,,,,,,,,,,,,,,
e06433,NFS-121X,fecal loop,2023,10,7,Alaska,St. Paul,Polovina Cliffs,,,sample,,,NA,NA,NA,NA,3,,NFS diet,,JLM,2026_08_19,Macherey Nagel Nucleospin 96 Stool Core,plate,,80,NFS_02,C6,,,,,,,,,,,,,,
e06434,NFS-122X,fecal loop,2023,10,7,Alaska,St. Paul,Polovina Cliffs,,,sample,,,NA,NA,NA,NA,3,,NFS diet,,JLM,2026_08_19,Macherey Nagel Nucleospin 96 Stool Core,plate,,80,NFS_02,D6,,,,,,,,,,,,,,
e06435,NFS-123X,fecal loop,2023,10,7,Alaska,St. Paul,Polovina Cliffs,,,sample,,,NA,NA,NA,NA,3,,NFS diet,,JLM,2026_08_19,Macherey Nagel Nucleospin 96 Stool Core,plate,,80,NFS_02,E6,,,,,,,,,,,,,,
e06436,NFS-124X,fecal loop,2023,10,7,Alaska,St. Paul,Polovina Cliffs,,,sample,,,NA,NA,NA,NA,3,,NFS diet,,JLM,2026_08_19,Macherey Nagel Nucleospin 96 Stool Core,plate,,80,NFS_02,F6,,,,,,,,,,,,,,
e06437,NFS-127X,fecal loop,2023,10,7,Alaska,St. Paul,Polovina Cliffs,,,sample,,,NA,NA,NA,NA,3,,NFS diet,,JLM,2026_08_19,Macherey Nagel Nucleospin 96 Stool Core,plate,,80,NFS_02,G6,,,,,,,,,,,,,,
e06438,NFS-128X,fecal loop,2023,10,7,Alaska,St. Paul,Polovina Cliffs,,,sample,,,NA,NA,NA,NA,3,,NFS diet,,JLM,2026_08_19,Macherey Nagel Nucleospin 96 Stool Core,plate,,80,NFS_02,H6,,,,,,,,,,,,,,
e06439,NFS-131X,fecal loop,2023,10,7,Alaska,St. Paul,Polovina Cliffs,,,sample,,,NA,NA,NA,NA,3,,NFS diet,,JLM,2026_08_19,Macherey Nagel Nucleospin 96 Stool Core,plate,,80,NFS_02,A7,,,,,,,,,,,,,,
e06440,NFS-133X,fecal loop,2023,10,7,Alaska,St. Paul,Polovina Cliffs,,,sample,,,NA,NA,NA,NA,3,,NFS diet,,JLM,2026_08_19,Macherey Nagel Nucleospin 96 Stool Core,plate,,80,NFS_02,B7,,,,,,,,,,,,,,
e06441,NFS-135X,fecal loop,2023,10,7,Alaska,St. Paul,Polovina Cliffs,,,sample,,,NA,NA,NA,NA,3,,NFS diet,,JLM,2026_08_19,Macherey Nagel Nucleospin 96 Stool Core,plate,,80,NFS_02,C7,,,,,,,,,,,,,,
e06442,NFS-138X,fecal loop,2023,10,7,Alaska,St. Paul,Polovina Cliffs,,,sample,,,NA,NA,NA,NA,3,,NFS diet,,JLM,2026_08_19,Macherey Nagel Nucleospin 96 Stool Core,plate,,80,NFS_02,D7,,,,,,,,,,,,,,
e06443,NFS-142X,fecal loop,2023,10,8,Alaska,St. Paul,Zapadni Reef,,,sample,,,NA,NA,NA,NA,3,,NFS diet,,JLM,2026_08_19,Macherey Nagel Nucleospin 96 Stool Core,plate,,80,NFS_02,E7,,,,,,,,,,,,,,
e06444,NFS-143X,fecal loop,2023,10,8,Alaska,St. Paul,Zapadni Reef,,,sample,,,NA,NA,NA,NA,3,,NFS diet,,JLM,2026_08_19,Macherey Nagel Nucleospin 96 Stool Core,plate,,80,NFS_02,F7,,,,,,,,,,,,,,
e06445,NFS-146X,fecal loop,2023,10,8,Alaska,St. Paul,Zapadni Reef,,,sample,,,NA,NA,NA,NA,3,,NFS diet,,JLM,2026_08_19,Macherey Nagel Nucleospin 96 Stool Core,plate,,80,NFS_02,G7,,,,,,,,,,,,,,
e06446,NFS-148X,fecal loop,2023,10,8,Alaska,St. Paul,Zapadni Reef,,,sample,,,NA,NA,NA,NA,3,,NFS diet,,JLM,2026_08_19,Macherey Nagel Nucleospin 96 Stool Core,plate,,80,NFS_02,H7,,,,,,,,,,,,,,
e06447,NFS-151X,fecal loop,2023,10,8,Alaska,St. Paul,Zapadni Reef,,,sample,,,NA,NA,NA,NA,3,,NFS diet,,JLM,2026_08_19,Macherey Nagel Nucleospin 96 Stool Core,plate,,80,NFS_02,B8,,,,,,,,,,,,,,
e06448,NFS-152X,fecal loop,2023,10,8,Alaska,St. Paul,Zapadni Reef,,,sample,,,NA,NA,NA,NA,3,,NFS diet,,JLM,2026_08_19,Macherey Nagel Nucleospin 96 Stool Core,plate,,80,NFS_02,C8,,,,,,,,,,,,,,
e06449,NFS-157X,fecal loop,2023,10,8,Alaska,St. Paul,Zapadni Reef,,,sample,,,NA,NA,NA,NA,3,,NFS diet,,JLM,2026_08_19,Macherey Nagel Nucleospin 96 Stool Core,plate,,80,NFS_02,D8,,,,,,,,,,,,,,
e06450,NFS-352H,fecal loop,2023,10,4,Alaska,St. George,South,,,sample,,,NA,NA,NA,NA,3,,NFS diet,,JLM,2026_08_19,Macherey Nagel Nucleospin 96 Stool Core,plate,,80,NFS_02,E8,,,,,,,,,,,,,,
e06451,NFS-354H,fecal loop,2023,10,4,Alaska,St. George,South,,,sample,,,NA,NA,NA,NA,3,,NFS diet,,JLM,2026_08_19,Macherey Nagel Nucleospin 96 Stool Core,plate,,80,NFS_02,F8,,,,,,,,,,,,,,
e06452,NFS-357H,fecal loop,2023,10,4,Alaska,St. George,South,,,sample,,,NA,NA,NA,NA,3,,NFS diet,,JLM,2026_08_19,Macherey Nagel Nucleospin 96 Stool Core,plate,,80,NFS_02,G8,,,,,,,,,,,,,,
e06453,NFS-360H,fecal loop,2023,10,4,Alaska,St. George,South,,,sample,,,NA,NA,NA,NA,3,,NFS diet,,JLM,2026_08_19,Macherey Nagel Nucleospin 96 Stool Core,plate,,80,NFS_02,H8,,,,,,,,,,,,,,
e06454,NFS-361H,fecal loop,2023,10,4,Alaska,St. George,South,,,sample,,,NA,NA,NA,NA,3,,NFS diet,,JLM,2026_08_19,Macherey Nagel Nucleospin 96 Stool Core,plate,,80,NFS_02,A9,,,,,,,,,,,,,,
e06455,NFS-364H,fecal loop,2023,10,4,Alaska,St. George,South,,,sample,,,NA,NA,NA,NA,3,,NFS diet,,JLM,2026_08_19,Macherey Nagel Nucleospin 96 Stool Core,plate,,80,NFS_02,B9,,,,,,,,,,,,,,
e06456,NFS-365H,fecal loop,2023,10,4,Alaska,St. George,South,,,sample,,,NA,NA,NA,NA,3,,NFS diet,,JLM,2026_08_19,Macherey Nagel Nucleospin 96 Stool Core,plate,,80,NFS_02,C9,,,,,,,,,,,,,,
e06457,NFS-367H,fecal loop,2023,10,4,Alaska,St. George,South,,,sample,,,NA,NA,NA,NA,3,,NFS diet,,JLM,2026_08_19,Macherey Nagel Nucleospin 96 Stool Core,plate,,80,NFS_02,D9,,,,,,,,,,,,,,
e06458,NFS-370H,fecal loop,2023,10,4,Alaska,St. George,South,,,sample,,,NA,NA,NA,NA,3,,NFS diet,,JLM,2026_08_19,Macherey Nagel Nucleospin 96 Stool Core,plate,,80,NFS_02,E9,,,,,,,,,,,,,,
e06459,NFS-B249,fecal loop,2023,9,26,Alaska,St. Paul,Vostochni,,,sample,,,NA,NA,NA,NA,3,,NFS diet,,JLM,2026_08_19,Macherey Nagel Nucleospin 96 Stool Core,plate,,80,NFS_02,F9,,,,,,,,,,,,,,
e06460,NFS-G248,fecal loop,2023,9,26,Alaska,St. Paul,Vostochni,,,sample,,,NA,NA,NA,NA,3,,NFS diet,,JLM,2026_08_19,Macherey Nagel Nucleospin 96 Stool Core,plate,,80,NFS_02,G9,,,,,,,,,,,,,,
e06461,NFS-G250,fecal loop,2023,9,26,Alaska,St. Paul,Vostochni,,,sample,,,NA,NA,NA,NA,3,,NFS diet,,JLM,2026_08_19,Macherey Nagel Nucleospin 96 Stool Core,plate,,80,NFS_02,H9,,,,,,,,,,,,,,
e06462,NFS-G251,fecal loop,2023,9,26,Alaska,St. Paul,Vostochni,,,sample,,,NA,NA,NA,NA,3,,NFS diet,,JLM,2026_08_19,Macherey Nagel Nucleospin 96 Stool Core,plate,,80,NFS_02,A10,,,,,,,,,,,,,,
e06463,NFS-G252,fecal loop,2023,9,26,Alaska,St. Paul,Vostochni,,,sample,,,NA,NA,NA,NA,3,,NFS diet,,JLM,2026_08_19,Macherey Nagel Nucleospin 96 Stool Core,plate,,80,NFS_02,B10,,,,,,,,,,,,,,
e06464,NFS-G255,fecal loop,2023,9,26,Alaska,St. Paul,Vostochni,,,sample,,,NA,NA,NA,NA,3,,NFS diet,,JLM,2026_08_19,Macherey Nagel Nucleospin 96 Stool Core,plate,,80,NFS_02,C10,,,,,,,,,,,,,,
e06465,NFS-G256,fecal loop,2023,9,26,Alaska,St. Paul,Vostochni,,,sample,,,NA,NA,NA,NA,3,,NFS diet,,JLM,2026_08_19,Macherey Nagel Nucleospin 96 Stool Core,plate,,80,NFS_02,D10,,,,,,,,,,,,,,
e06466,NFS-G258,fecal loop,2023,9,26,Alaska,St. Paul,Vostochni,,,sample,,,NA,NA,NA,NA,3,,NFS diet,,JLM,2026_08_19,Macherey Nagel Nucleospin 96 Stool Core,plate,,80,NFS_02,E10,,,,,,,,,,,,,,
e06467,NFS-G259,fecal loop,2023,9,26,Alaska,St. Paul,Vostochni,,,sample,,,NA,NA,NA,NA,3,,NFS diet,,JLM,2026_08_19,Macherey Nagel Nucleospin 96 Stool Core,plate,,80,NFS_02,F10,,,,,,,,,,,,,,
e06468,NFS-G262,fecal loop,2023,9,26,Alaska,St. Paul,Vostochni,,,sample,,,NA,NA,NA,NA,3,,NFS diet,,JLM,2026_08_19,Macherey Nagel Nucleospin 96 Stool Core,plate,,80,NFS_02,G10,,,,,,,,,,,,,,
e06469,NFS-G264,fecal loop,2023,9,26,Alaska,St. Paul,Vostochni,,,sample,,,NA,NA,NA,NA,3,,NFS diet,,JLM,2026_08_19,Macherey Nagel Nucleospin 96 Stool Core,plate,,80,NFS_02,H10,,,,,,,,,,,,,,
e06470,NFS-G266,fecal loop,2023,9,26,Alaska,St. Paul,Vostochni,,,sample,,,NA,NA,NA,NA,3,,NFS diet,,JLM,2026_08_19,Macherey Nagel Nucleospin 96 Stool Core,plate,,80,NFS_02,A11,,,,,,,,,,,,,,
e06471,NFS-G270,fecal loop,2023,9,26,Alaska,St. Paul,Vostochni,,,sample,,,NA,NA,NA,NA,3,,NFS diet,,JLM,2026_08_19,Macherey Nagel Nucleospin 96 Stool Core,plate,,80,NFS_02,B11,,,,,,,,,,,,,,
e06472,NFS-G279,fecal loop,2023,9,27,Alaska,St. Paul,Vostochni,,,sample,,,NA,NA,NA,NA,3,,NFS diet,,JLM,2026_08_19,Macherey Nagel Nucleospin 96 Stool Core,plate,,80,NFS_02,C11,,,,,,,,,,,,,,
e06473,NFS-G281,fecal loop,2023,9,27,Alaska,St. Paul,Vostochni,,,sample,,,NA,NA,NA,NA,3,,NFS diet,,JLM,2026_08_19,Macherey Nagel Nucleospin 96 Stool Core,plate,,80,NFS_02,D11,,,,,,,,,,,,,,
e06474,NFS-G288,fecal loop,2023,9,27,Alaska,St. Paul,Vostochni,,,sample,,,NA,NA,NA,NA,3,,NFS diet,,JLM,2026_08_19,Macherey Nagel Nucleospin 96 Stool Core,plate,,80,NFS_02,E11,,,,,,,,,,,,,,
e06475,NFS-G289,fecal loop,2023,9,27,Alaska,St. Paul,Vostochni,,,sample,,,NA,NA,NA,NA,3,,NFS diet,,JLM,2026_08_19,Macherey Nagel Nucleospin 96 Stool Core,plate,,80,NFS_02,F11,,,,,,,,,,,,,,
e06476,NFS-G293,fecal loop,2023,9,27,Alaska,St. Paul,Vostochni,,,sample,,,NA,NA,NA,NA,3,,NFS diet,,JLM,2026_08_19,Macherey Nagel Nucleospin 96 Stool Core,plate,,80,NFS_02,G11,,,,,,,,,,,,,,
e06477,NFS-G298,fecal loop,2023,9,27,Alaska,St. Paul,Vostochni,,,sample,,,NA,NA,NA,NA,3,,NFS diet,,JLM,2026_08_19,Macherey Nagel Nucleospin 96 Stool Core,plate,,80,NFS_02,H11,,,,,,,,,,,,,,
e06478,NFS-G301,fecal loop,2023,9,27,Alaska,St. Paul,Vostochni,,,sample,,,NA,NA,NA,NA,3,,NFS diet,,JLM,2026_08_19,Macherey Nagel Nucleospin 96 Stool Core,plate,,80,NFS_02,A12,,,,,,,,,,,,,,
e06479,NFS-G305,fecal loop,2023,9,27,Alaska,St. Paul,Vostochni,,,sample,,,NA,NA,NA,NA,3,,NFS diet,,JLM,2026_08_19,Macherey Nagel Nucleospin 96 Stool Core,plate,,80,NFS_02,B12,,,,,,,,,,,,,,
e06480,NFS-G309,fecal loop,2023,9,27,Alaska,St. Paul,Vostochni,,,sample,,,NA,NA,NA,NA,3,,NFS diet,,JLM,2026_08_19,Macherey Nagel Nucleospin 96 Stool Core,plate,,80,NFS_02,C12,,,,,,,,,,,,,,
e06481,NFS-G313,fecal loop,2023,9,27,Alaska,St. Paul,Vostochni,,,sample,,,NA,NA,NA,NA,3,,NFS diet,,JLM,2026_08_19,Macherey Nagel Nucleospin 96 Stool Core,plate,,80,NFS_02,D12,,,,,,,,,,,,,,
e06482,NFS-G317,fecal loop,2023,9,27,Alaska,St. Paul,Vostochni,,,sample,,,NA,NA,NA,NA,3,,NFS diet,,JLM,2026_08_19,Macherey Nagel Nucleospin 96 Stool Core,plate,,80,NFS_02,E12,,,,,,,,,,,,,,
e06483,NFSA080ALB-12,fecal loop,2024,10,28,Alaska,St. Paul,Reef,,,sample,,,NA,NA,NA,NA,3,,NFS diet,,JLM,2026_09_15,Macherey Nagel Nucleospin 96 Stool Core,plate,,80,NFS_03,A1,,,,,,,,,,,,,,
e06484,EB5,,,,,,,,,,extraction_blank,,,NA,NA,NA,NA,3,,NFS diet,,JLM,2026_09_15,Macherey Nagel Nucleospin 96 Stool Core,plate,,80,NFS_03,D5,,,,,,,,,,,,,,
e06485,EB6,,,,,,,,,,extraction_blank,,,NA,NA,NA,NA,3,,NFS diet,,JLM,2026_09_15,Macherey Nagel Nucleospin 96 Stool Core,plate,,80,NFS_03,D9,,,,,,,,,,,,,,
e06486,NFSA084ALB-12,fecal loop,2024,11,2,Alaska,St. Paul,Reef,,,sample,,,NA,NA,NA,NA,3,,NFS diet,,JLM,2026_09_15,Macherey Nagel Nucleospin 96 Stool Core,plate,,80,NFS_03,B1,,,,,,,,,,,,,,
e06487,NFSA089ALB-12,fecal loop,2024,10,23,Alaska,St. Paul,Reef,,,sample,,,NA,NA,NA,NA,3,,NFS diet,,JLM,2026_09_15,Macherey Nagel Nucleospin 96 Stool Core,plate,,80,NFS_03,C1,,,,,,,,,,,,,,
e06488,NFSA091ALB-12,fecal loop,2024,10,30,Alaska,St. Paul,Reef,,,sample,,,NA,NA,NA,NA,3,,NFS diet,,JLM,2026_09_15,Macherey Nagel Nucleospin 96 Stool Core,plate,,80,NFS_03,D1,,,,,,,,,,,,,,
e06489,NFSA093ALB-12,fecal loop,2024,10,28,Alaska,St. Paul,Reef,,,sample,,,NA,NA,NA,NA,3,,NFS diet,,JLM,2026_09_15,Macherey Nagel Nucleospin 96 Stool Core,plate,,80,NFS_03,E1,,,,,,,,,,,,,,
e06490,NFSA094ALB-12,fecal loop,2024,10,28,Alaska,St. Paul,Reef,,,sample,,,NA,NA,NA,NA,3,,NFS diet,,JLM,2026_09_15,Macherey Nagel Nucleospin 96 Stool Core,plate,,80,NFS_03,F1,,,,,,,,,,,,,,
e06491,CU23-PC001,RNAlater,2023,9,28,Alaska,St. Paul,Polovina Cliffs,,,sample,,,NA,NA,NA,NA,4,,NFS diet,,JLM,2026_09_15,Macherey Nagel Nucleospin 96 Stool Core,plate,,80,NFS_03,G1,,,,,,,,,,,,,,
e06492,CU23-PC002,RNAlater,2023,9,28,Alaska,St. Paul,Polovina Cliffs,,,sample,,,NA,NA,NA,NA,4,,NFS diet,,JLM,2026_09_15,Macherey Nagel Nucleospin 96 Stool Core,plate,,80,NFS_03,H1,,,,,,,,,,,,,,
e06493,CU23-PC003,RNAlater,2023,9,28,Alaska,St. Paul,Polovina Cliffs,,,sample,,,NA,NA,NA,NA,4,,NFS diet,,JLM,2026_09_15,Macherey Nagel Nucleospin 96 Stool Core,plate,,80,NFS_03,A2,,,,,,,,,,,,,,
e06494,CU23-PC004,RNAlater,2023,9,28,Alaska,St. Paul,Polovina Cliffs,,,sample,,,NA,NA,NA,NA,4,,NFS diet,,JLM,2026_09_15,Macherey Nagel Nucleospin 96 Stool Core,plate,,80,NFS_03,B2,,,,,,,,,,,,,,
e06495,CU23-PC005,RNAlater,2023,9,28,Alaska,St. Paul,Polovina Cliffs,,,sample,,,NA,NA,NA,NA,4,,NFS diet,,JLM,2026_09_15,Macherey Nagel Nucleospin 96 Stool Core,plate,,80,NFS_03,C2,,,,,,,,,,,,,,
e06496,CU23-PC006,RNAlater,2023,9,28,Alaska,St. Paul,Polovina Cliffs,,,sample,,,NA,NA,NA,NA,4,,NFS diet,,JLM,2026_09_15,Macherey Nagel Nucleospin 96 Stool Core,plate,,80,NFS_03,D2,,,,,,,,,,,,,,
e06497,CU23-PC007,RNAlater,2023,9,28,Alaska,St. Paul,Polovina Cliffs,,,sample,,,NA,NA,NA,NA,4,,NFS diet,,JLM,2026_09_15,Macherey Nagel Nucleospin 96 Stool Core,plate,,80,NFS_03,E2,,,,,,,,,,,,,,
e06498,CU23-PC008,RNAlater,2023,9,28,Alaska,St. Paul,Polovina Cliffs,,,sample,,,NA,NA,NA,NA,4,,NFS diet,,JLM,2026_09_15,Macherey Nagel Nucleospin 96 Stool Core,plate,,80,NFS_03,F2,,,,,,,,,,,,,,
e06499,CU23-PC009,RNAlater,2023,9,28,Alaska,St. Paul,Polovina Cliffs,,,sample,,,NA,NA,NA,NA,4,,NFS diet,,JLM,2026_09_15,Macherey Nagel Nucleospin 96 Stool Core,plate,,80,NFS_03,G2,,,,,,,,,,,,,,
e06500,CU23-PC010,RNAlater,2023,9,28,Alaska,St. Paul,Polovina Cliffs,,,sample,,,NA,NA,NA,NA,4,,NFS diet,,JLM,2026_09_15,Macherey Nagel Nucleospin 96 Stool Core,plate,,80,NFS_03,H2,,,,,,,,,,,,,,
e06501,CU23-PC011,RNAlater,2023,9,28,Alaska,St. Paul,Polovina Cliffs,,,sample,,,NA,NA,NA,NA,4,,NFS diet,,JLM,2026_09_15,Macherey Nagel Nucleospin 96 Stool Core,plate,,80,NFS_03,A3,,,,,,,,,,,,,,
e06502,CU23-PC012,RNAlater,2023,9,28,Alaska,St. Paul,Polovina Cliffs,,,sample,,,NA,NA,NA,NA,4,,NFS diet,,JLM,2026_09_15,Macherey Nagel Nucleospin 96 Stool Core,plate,,80,NFS_03,B3,,,,,,,,,,,,,,
e06503,CU23-PC013,RNAlater,2023,9,28,Alaska,St. Paul,Polovina Cliffs,,,sample,,,NA,NA,NA,NA,4,,NFS diet,,JLM,2026_09_15,Macherey Nagel Nucleospin 96 Stool Core,plate,,80,NFS_03,C3,,,,,,,,,,,,,,
e06504,CU23-PC014,RNAlater,2023,9,28,Alaska,St. Paul,Polovina Cliffs,,,sample,,,NA,NA,NA,NA,4,,NFS diet,,JLM,2026_09_15,Macherey Nagel Nucleospin 96 Stool Core,plate,,80,NFS_03,D3,,,,,,,,,,,,,,
e06505,CU23-PC015,RNAlater,2023,9,28,Alaska,St. Paul,Polovina Cliffs,,,sample,,,NA,NA,NA,NA,4,,NFS diet,,JLM,2026_09_15,Macherey Nagel Nucleospin 96 Stool Core,plate,,80,NFS_03,E3,,,,,,,,,,,,,,
e06506,CU23-PC016,RNAlater,2023,9,28,Alaska,St. Paul,Polovina Cliffs,,,sample,,,NA,NA,NA,NA,4,,NFS diet,,JLM,2026_09_15,Macherey Nagel Nucleospin 96 Stool Core,plate,,80,NFS_03,F3,,,,,,,,,,,,,,
e06507,CU23-PC017,RNAlater,2023,9,28,Alaska,St. Paul,Polovina Cliffs,,,sample,,,NA,NA,NA,NA,4,,NFS diet,,JLM,2026_09_15,Macherey Nagel Nucleospin 96 Stool Core,plate,,80,NFS_03,G3,,,,,,,,,,,,,,
e06508,CU23-PC018,RNAlater,2023,9,28,Alaska,St. Paul,Polovina Cliffs,,,sample,,,NA,NA,NA,NA,4,,NFS diet,,JLM,2026_09_15,Macherey Nagel Nucleospin 96 Stool Core,plate,,80,NFS_03,H3,,,,,,,,,,,,,,
e06509,CU23-PC019,RNAlater,2023,9,28,Alaska,St. Paul,Polovina Cliffs,,,sample,,,NA,NA,NA,NA,4,,NFS diet,,JLM,2026_09_15,Macherey Nagel Nucleospin 96 Stool Core,plate,,80,NFS_03,A4,,,,,,,,,,,,,,
e06510,CU23-PC020,RNAlater,2023,9,28,Alaska,St. Paul,Polovina Cliffs,,,sample,,,NA,NA,NA,NA,4,,NFS diet,,JLM,2026_09_15,Macherey Nagel Nucleospin 96 Stool Core,plate,,80,NFS_03,B4,,,,,,,,,,,,,,
e06511,CU23-PC021,RNAlater,2023,9,28,Alaska,St. Paul,Polovina Cliffs,,,sample,,,NA,NA,NA,NA,4,,NFS diet,,JLM,2026_09_15,Macherey Nagel Nucleospin 96 Stool Core,plate,,80,NFS_03,C4,,,,,,,,,,,,,,
e06512,CU23-PC022,RNAlater,2023,9,28,Alaska,St. Paul,Polovina Cliffs,,,sample,,,NA,NA,NA,NA,4,,NFS diet,,JLM,2026_09_15,Macherey Nagel Nucleospin 96 Stool Core,plate,,80,NFS_03,D4,,,,,,,,,,,,,,
e06513,CU23-PC023,RNAlater,2023,9,28,Alaska,St. Paul,Polovina Cliffs,,,sample,,,NA,NA,NA,NA,4,,NFS diet,,JLM,2026_09_15,Macherey Nagel Nucleospin 96 Stool Core,plate,,80,NFS_03,E4,,,,,,,,,,,,,,
e06514,CU23-PC024,RNAlater,2023,9,28,Alaska,St. Paul,Polovina Cliffs,,,sample,,,NA,NA,NA,NA,4,,NFS diet,,JLM,2026_09_15,Macherey Nagel Nucleospin 96 Stool Core,plate,,80,NFS_03,F4,,,,,,,,,,,,,,
e06515,CU23-PC025,RNAlater,2023,9,28,Alaska,St. Paul,Polovina Cliffs,,,sample,,,NA,NA,NA,NA,4,,NFS diet,,JLM,2026_09_15,Macherey Nagel Nucleospin 96 Stool Core,plate,,80,NFS_03,G4,,,,,,,,,,,,,,
e06516,CU23-PC026,RNAlater,2023,9,28,Alaska,St. Paul,Polovina Cliffs,,,sample,,,NA,NA,NA,NA,4,,NFS diet,,JLM,2026_09_15,Macherey Nagel Nucleospin 96 Stool Core,plate,,80,NFS_03,H4,,,,,,,,,,,,,,
e06517,CU23-PC027,RNAlater,2023,9,28,Alaska,St. Paul,Polovina Cliffs,,,sample,,,NA,NA,NA,NA,4,,NFS diet,,JLM,2026_09_15,Macherey Nagel Nucleospin 96 Stool Core,plate,,80,NFS_03,A5,,,,,,,,,,,,,,
e06518,CU23-PC028,RNAlater,2023,9,28,Alaska,St. Paul,Polovina Cliffs,,,sample,,,NA,NA,NA,NA,4,,NFS diet,,JLM,2026_09_15,Macherey Nagel Nucleospin 96 Stool Core,plate,,80,NFS_03,B5,,,,,,,,,,,,,,
e06519,CU23-PC029,RNAlater,2023,9,28,Alaska,St. Paul,Polovina Cliffs,,,sample,,,NA,NA,NA,NA,4,,NFS diet,,JLM,2026_09_15,Macherey Nagel Nucleospin 96 Stool Core,plate,,80,NFS_03,C5,,,,,,,,,,,,,,
e06520,CU23-SOU001,RNAlater,2023,10,4,Alaska,St. George,South,,,sample,,,NA,NA,NA,NA,4,,NFS diet,,JLM,2026_09_15,Macherey Nagel Nucleospin 96 Stool Core,plate,,80,NFS_03,E5,,,,,,,,,,,,,,
e06521,CU23-SOU002,RNAlater,2023,10,4,Alaska,Sr. George,South,,,sample,,,NA,NA,NA,NA,4,,NFS diet,,JLM,2026_09_15,Macherey Nagel Nucleospin 96 Stool Core,plate,,80,NFS_03,F5,,,,,,,,,,,,,,
e06522,CU23-SOU003,RNAlater,2023,10,4,Alaska,St. George,South,,,sample,,,NA,NA,NA,NA,4,,NFS diet,,JLM,2026_09_15,Macherey Nagel Nucleospin 96 Stool Core,plate,,80,NFS_03,G5,,,,,,,,,,,,,,
e06523,CU23-SOU004,RNAlater,2023,10,4,Alaska,Sr. George,South,,,sample,,,NA,NA,NA,NA,4,,NFS diet,,JLM,2026_09_15,Macherey Nagel Nucleospin 96 Stool Core,plate,,80,NFS_03,H5,,,,,,,,,,,,,,
e06524,CU23-SOU005,RNAlater,2023,10,4,Alaska,St. George,South,,,sample,,,NA,NA,NA,NA,4,,NFS diet,,JLM,2026_09_15,Macherey Nagel Nucleospin 96 Stool Core,plate,,80,NFS_03,A6,,,,,,,,,,,,,,
e06525,CU23-SOU006,RNAlater,2023,10,4,Alaska,Sr. George,South,,,sample,,,NA,NA,NA,NA,4,,NFS diet,,JLM,2026_09_15,Macherey Nagel Nucleospin 96 Stool Core,plate,,80,NFS_03,B6,,,,,,,,,,,,,,
e06526,CU23-SOU007,RNAlater,2023,10,4,Alaska,St. George,South,,,sample,,,NA,NA,NA,NA,4,,NFS diet,,JLM,2026_09_15,Macherey Nagel Nucleospin 96 Stool Core,plate,,80,NFS_03,C6,,,,,,,,,,,,,,
e06527,CU23-SOU008,RNAlater,2023,10,4,Alaska,Sr. George,South,,,sample,,,NA,NA,NA,NA,4,,NFS diet,,JLM,2026_09_15,Macherey Nagel Nucleospin 96 Stool Core,plate,,80,NFS_03,D6,,,,,,,,,,,,,,
e06528,CU23-SOU009,RNAlater,2023,10,4,Alaska,St. George,South,,,sample,,,NA,NA,NA,NA,4,,NFS diet,,JLM,2026_09_15,Macherey Nagel Nucleospin 96 Stool Core,plate,,80,NFS_03,E6,,,,,,,,,,,,,,
e06529,CU23-SOU010,RNAlater,2023,10,4,Alaska,Sr. George,South,,,sample,,,NA,NA,NA,NA,4,,NFS diet,,JLM,2026_09_15,Macherey Nagel Nucleospin 96 Stool Core,plate,,80,NFS_03,F6,,,,,,,,,,,,,,
e06530,CU23-SOU011,RNAlater,2023,10,4,Alaska,St. George,South,,,sample,,,NA,NA,NA,NA,4,,NFS diet,,JLM,2026_09_15,Macherey Nagel Nucleospin 96 Stool Core,plate,,80,NFS_03,G6,,,,,,,,,,,,,,
e06531,CU23-SOU012,RNAlater,2023,10,4,Alaska,Sr. George,South,,,sample,,,NA,NA,NA,NA,4,,NFS diet,,JLM,2026_09_15,Macherey Nagel Nucleospin 96 Stool Core,plate,,80,NFS_03,H6,,,,,,,,,,,,,,
e06532,CU23-SOU013,RNAlater,2023,10,5,Alaska,St. George,South,,,sample,,,NA,NA,NA,NA,4,,NFS diet,,JLM,2026_09_15,Macherey Nagel Nucleospin 96 Stool Core,plate,,80,NFS_03,A7,,,,,,,,,,,,,,
e06533,CU23-SOU014,RNAlater,2023,10,5,Alaska,Sr. George,South,,,sample,,,NA,NA,NA,NA,4,,NFS diet,,JLM,2026_09_15,Macherey Nagel Nucleospin 96 Stool Core,plate,,80,NFS_03,B7,,,,,,,,,,,,,,
e06534,CU23-SOU015,RNAlater,2023,10,5,Alaska,St. George,South,,,sample,,,NA,NA,NA,NA,4,,NFS diet,,JLM,2026_09_15,Macherey Nagel Nucleospin 96 Stool Core,plate,,80,NFS_03,C7,,,,,,,,,,,,,,
e06535,CU23-SOU016,RNAlater,2023,10,5,Alaska,Sr. George,South,,,sample,,,NA,NA,NA,NA,4,,NFS diet,,JLM,2026_09_15,Macherey Nagel Nucleospin 96 Stool Core,plate,,80,NFS_03,D7,,,,,,,,,,,,,,
e06536,CU23-SOU017,RNAlater,2023,10,5,Alaska,St. George,South,,,sample,,,NA,NA,NA,NA,4,,NFS diet,,JLM,2026_09_15,Macherey Nagel Nucleospin 96 Stool Core,plate,,80,NFS_03,E7,,,,,,,,,,,,,,
e06537,CU23-SOU018,RNAlater,2023,10,5,Alaska,Sr. George,South,,,sample,,,NA,NA,NA,NA,4,,NFS diet,,JLM,2026_09_15,Macherey Nagel Nucleospin 96 Stool Core,plate,,80,NFS_03,F7,,,,,,,,,,,,,,
e06538,CU23-SOU019,RNAlater,2023,10,5,Alaska,St. George,South,,,sample,,,NA,NA,NA,NA,4,,NFS diet,,JLM,2026_09_15,Macherey Nagel Nucleospin 96 Stool Core,plate,,80,NFS_03,G7,,,,,,,,,,,,,,
e06539,CU23-SOU020,RNAlater,2023,10,5,Alaska,Sr. George,South,,,sample,,,NA,NA,NA,NA,4,,NFS diet,,JLM,2026_09_15,Macherey Nagel Nucleospin 96 Stool Core,plate,,80,NFS_03,H7,,,,,,,,,,,,,,
e06540,CU23-SOU021,RNAlater,2023,10,5,Alaska,St. George,South,,,sample,,,NA,NA,NA,NA,4,,NFS diet,,JLM,2026_09_15,Macherey Nagel Nucleospin 96 Stool Core,plate,,80,NFS_03,A8,,,,,,,,,,,,,,
e06541,CU23-SOU022,RNAlater,2023,10,5,Alaska,Sr. George,South,,,sample,,,NA,NA,NA,NA,4,,NFS diet,,JLM,2026_09_15,Macherey Nagel Nucleospin 96 Stool Core,plate,,80,NFS_03,B8,,,,,,,,,,,,,,
e06542,CU23-SOU023,RNAlater,2023,10,5,Alaska,St. George,South,,,sample,,,NA,NA,NA,NA,4,,NFS diet,,JLM,2026_09_15,Macherey Nagel Nucleospin 96 Stool Core,plate,,80,NFS_03,C8,,,,,,,,,,,,,,
e06543,CU23-ZR001,RNAlater,2023,9,29,Alaska,St. Paul,Zapadni Reef,,,sample,,,NA,NA,NA,NA,4,,NFS diet,,JLM,2026_09_15,Macherey Nagel Nucleospin 96 Stool Core,plate,,80,NFS_03,D8,,,,,,,,,,,,,,
e06544,CU23-ZR002,RNAlater,2023,9,29,Alaska,St. Paul,Zapadni Reef,,,sample,,,NA,NA,NA,NA,4,,NFS diet,,JLM,2026_09_15,Macherey Nagel Nucleospin 96 Stool Core,plate,,80,NFS_03,E8,,,,,,,,,,,,,,
e06545,CU23-ZR003,RNAlater,2023,9,29,Alaska,St. Paul,Zapadni Reef,,,sample,,,NA,NA,NA,NA,4,,NFS diet,,JLM,2026_09_15,Macherey Nagel Nucleospin 96 Stool Core,plate,,80,NFS_03,F8,,,,,,,,,,,,,,
e06546,CU23-ZR004,RNAlater,2023,9,29,Alaska,St. Paul,Zapadni Reef,,,sample,,,NA,NA,NA,NA,4,,NFS diet,,JLM,2026_09_15,Macherey Nagel Nucleospin 96 Stool Core,plate,,80,NFS_03,G8,,,,,,,,,,,,,,
e06547,CU23-ZR005,RNAlater,2023,9,29,Alaska,St. Paul,Zapadni Reef,,,sample,,,NA,NA,NA,NA,4,,NFS diet,,JLM,2026_09_15,Macherey Nagel Nucleospin 96 Stool Core,plate,,80,NFS_03,H8,,,,,,,,,,,,,,
e06548,CU23-ZR006,RNAlater,2023,9,29,Alaska,St. Paul,Zapadni Reef,,,sample,,,NA,NA,NA,NA,4,,NFS diet,,JLM,2026_09_15,Macherey Nagel Nucleospin 96 Stool Core,plate,,80,NFS_03,A9,,,,,,,,,,,,,,
e06549,CU23-ZR007,RNAlater,2023,9,29,Alaska,St. Paul,Zapadni Reef,,,sample,,,NA,NA,NA,NA,4,,NFS diet,,JLM,2026_09_15,Macherey Nagel Nucleospin 96 Stool Core,plate,,80,NFS_03,B9,,,,,,,,,,,,,,
e06550,CU23-ZR008,RNAlater,2023,9,29,Alaska,St. Paul,Zapadni Reef,,,sample,,,NA,NA,NA,NA,4,,NFS diet,,JLM,2026_09_15,Macherey Nagel Nucleospin 96 Stool Core,plate,,80,NFS_03,C9,,,,,,,,,,,,,,
e06551,CU23-ZR009,RNAlater,2023,9,29,Alaska,St. Paul,Zapadni Reef,,,sample,,,NA,NA,NA,NA,4,,NFS diet,,JLM,2026_09_15,Macherey Nagel Nucleospin 96 Stool Core,plate,,80,NFS_03,E9,,,,,,,,,,,,,,
e06552,CU23-ZR010,RNAlater,2023,9,29,Alaska,St. Paul,Zapadni Reef,,,sample,,,NA,NA,NA,NA,4,,NFS diet,,JLM,2026_09_15,Macherey Nagel Nucleospin 96 Stool Core,plate,,80,NFS_03,F9,,,,,,,,,,,,,,
e06553,CU23-ZR011,RNAlater,2023,9,29,Alaska,St. Paul,Zapadni Reef,,,sample,,,NA,NA,NA,NA,4,,NFS diet,,JLM,2026_09_15,Macherey Nagel Nucleospin 96 Stool Core,plate,,80,NFS_03,G9,,,,,,,,,,,,,,
e06554,CU23-ZR012,RNAlater,2023,9,29,Alaska,St. Paul,Zapadni Reef,,,sample,,,NA,NA,NA,NA,4,,NFS diet,,JLM,2026_09_15,Macherey Nagel Nucleospin 96 Stool Core,plate,,80,NFS_03,H9,,,,,,,,,,,,,,
e06555,CU23-ZR014,RNAlater,2023,9,29,Alaska,St. Paul,Zapadni Reef,,,sample,,,NA,NA,NA,NA,4,,NFS diet,,JLM,2026_09_15,Macherey Nagel Nucleospin 96 Stool Core,plate,,80,NFS_03,B10,,,,,,,,,,,,,,
e06556,CU23-ZR015,RNAlater,2023,9,29,Alaska,St. Paul,Zapadni Reef,,,sample,,,NA,NA,NA,NA,4,,NFS diet,,JLM,2026_09_15,Macherey Nagel Nucleospin 96 Stool Core,plate,,80,NFS_03,C10,,,,,,,,,,,,,,
e06557,CU23-ZR016,RNAlater,2023,9,30,Alaska,St. Paul,Zapadni Reef,,,sample,,,NA,NA,NA,NA,4,,NFS diet,,JLM,2026_09_15,Macherey Nagel Nucleospin 96 Stool Core,plate,,80,NFS_03,D10,,,,,,,,,,,,,,
e06558,CU23-ZR017,RNAlater,2023,9,30,Alaska,St. Paul,Zapadni Reef,,,sample,,,NA,NA,NA,NA,4,,NFS diet,,JLM,2026_09_15,Macherey Nagel Nucleospin 96 Stool Core,plate,,80,NFS_03,E10,,,,,,,,,,,,,,
e06559,CU23-ZR018,RNAlater,2023,9,30,Alaska,St. Paul,Zapadni Reef,,,sample,,,NA,NA,NA,NA,4,,NFS diet,,JLM,2026_09_15,Macherey Nagel Nucleospin 96 Stool Core,plate,,80,NFS_03,F10,,,,,,,,,,,,,,
e06560,CU23-ZR019,RNAlater,2023,9,30,Alaska,St. Paul,Zapadni Reef,,,sample,,,NA,NA,NA,NA,4,,NFS diet,,JLM,2026_09_15,Macherey Nagel Nucleospin 96 Stool Core,plate,,80,NFS_03,G10,,,,,,,,,,,,,,
e06561,CU23-ZR020,RNAlater,2023,9,30,Alaska,St. Paul,Zapadni Reef,,,sample,,,NA,NA,NA,NA,4,,NFS diet,,JLM,2026_09_15,Macherey Nagel Nucleospin 96 Stool Core,plate,,80,NFS_03,H10,,,,,,,,,,,,,,
e06562,CU23-ZR021,RNAlater,2023,9,30,Alaska,St. Paul,Zapadni Reef,,,sample,,,NA,NA,NA,NA,4,,NFS diet,,JLM,2026_09_15,Macherey Nagel Nucleospin 96 Stool Core,plate,,80,NFS_03,A11,,,,,,,,,,,,,,
e06563,CU23-ZR022,RNAlater,2023,9,30,Alaska,St. Paul,Zapadni Reef,,,sample,,,NA,NA,NA,NA,4,,NFS diet,,JLM,2026_09_15,Macherey Nagel Nucleospin 96 Stool Core,plate,,80,NFS_03,B11,,,,,,,,,,,,,,
e06564,CU23-ZR023,RNAlater,2023,9,30,Alaska,St. Paul,Zapadni Reef,,,sample,,,NA,NA,NA,NA,4,,NFS diet,,JLM,2026_09_15,Macherey Nagel Nucleospin 96 Stool Core,plate,,80,NFS_03,C11,,,,,,,,,,,,,,
e06565,CU23-ZR024,RNAlater,2023,9,30,Alaska,St. Paul,Zapadni Reef,,,sample,,,NA,NA,NA,NA,4,,NFS diet,,JLM,2026_09_15,Macherey Nagel Nucleospin 96 Stool Core,plate,,80,NFS_03,D11,,,,,,,,,,,,,,
e06566,CU23-ZR025,RNAlater,2023,9,30,Alaska,St. Paul,Zapadni Reef,,,sample,,,NA,NA,NA,NA,4,,NFS diet,,JLM,2026_09_15,Macherey Nagel Nucleospin 96 Stool Core,plate,,80,NFS_03,E11,,,,,,,,,,,,,,