ASV,taxon,taxonomic_level
ASV10,Gadus chalcogrammus,species
ASV105,Gadus chalcogrammus,species
ASV109,Hippoglossus stenolepis,species
ASV117,Gadus chalcogrammus,species
ASV123,Gadus chalcogrammus,species
ASV124,Oncorhynchus keta,species
ASV128,Gadus chalcogrammus,species
ASV129,Gadus chalcogrammus,species
ASV13,Gadus chalcogrammus,species
ASV130,Gadus chalcogrammus,species
ASV134,Gadus chalcogrammus,species
ASV142,Oncorhynchus tshawytscha,species
ASV145,Gadus chalcogrammus,species
ASV151,Boreogadus saida,species
ASV152,Blepsias bilobus,species
ASV153,Gadus macrocephalus,species
ASV154,Sebastes pinniger,species
ASV156,Gadus chalcogrammus,species
ASV159,Oncorhynchus kisutch,species
ASV169,Lycodes brevipes,species
ASV171,Microstomus pacificus,species
ASV172,Gadus chalcogrammus,species
ASV18,Oncorhynchus keta,species
ASV183,Icelus spatula,species
ASV189,Gadus chalcogrammus,species
ASV191,Oncorhynchus nerka,species
ASV197,Oncorhynchus tshawytscha,species
ASV198,Poroclinus rothrocki,species
ASV214,Microstomus pacificus,species
ASV22,Oncorhynchus nerka,species
ASV226,Salmo salar,species
ASV23,Ammodytes personatus,species
ASV25,Oncorhynchus nerka,species
ASV276,Gadus chalcogrammus,species
ASV282,Gadus chalcogrammus,species
ASV3,Gadus chalcogrammus,species
ASV321,Hippoglossus stenolepis,species
ASV339,Zaprora silenus,species
ASV34,Hexagrammos decagrammus,species
ASV341,Stenobrachius leucopsarus,species
ASV343,Gadus chalcogrammus,species
ASV350,Lycodes palearis,species
ASV356,Zaprora silenus,species
ASV36,Gadus chalcogrammus,species
ASV362,Stenobrachius leucopsarus,species
ASV363,Cryptacanthodes aleutensis,species
ASV365,Zaprora silenus,species
ASV37,Gadus chalcogrammus,species
ASV374,Oncorhynchus gorbuscha,species
ASV379,Thaleichthys pacificus,species
ASV39,Oncorhynchus gorbuscha,species
ASV40,Gadus chalcogrammus,species
ASV405,Hemilepidotus jordani,species
ASV410,Gadus chalcogrammus,species
ASV411,Oncorhynchus nerka,species
ASV421,Sebastes diploproa,species
ASV427,Sebastes entomelas,species
ASV43,Gadus chalcogrammus,species
ASV47,Oncorhynchus tshawytscha,species
ASV48,Anoplopoma fimbria,species
ASV53,Gadus chalcogrammus,species
ASV54,Gadus chalcogrammus,species
ASV55,Gadus chalcogrammus,species
ASV58,Gadus macrocephalus,species
ASV62,Gadus chalcogrammus,species
ASV63,Leptoclinus maculatus,species
ASV67,Gadus chalcogrammus,species
ASV7,Zaprora silenus,species
ASV74,Gadus chalcogrammus,species
ASV82,Gadus chalcogrammus,species
ASV86,Gadus chalcogrammus,species
ASV89,Coryphaenoides cinereus,species
ASV90,Stenobrachius leucopsarus,species
ASV91,Gadus chalcogrammus,species
ASV92,Gadus chalcogrammus,species
ASV95,Microgadus proximus,species
ASV97,Gadus chalcogrammus,species
ASV1,Callorhinus ursinus,species
ASV101,Gadus chalcogrammus,species
ASV106,Anoplopoma fimbria,species
ASV108,Eschrichtius robustus,species
ASV11,Callorhinus ursinus,species
ASV111,Phocoenoides dalli,species
ASV115,Anoplopoma fimbria,species
ASV120,Clupea pallasii,species
ASV131,Clupea pallasii,species
ASV139,Trichodon trichodon,species
ASV14,Callorhinus ursinus,species
ASV15,Callorhinus ursinus,species
ASV158,Leptoclinus maculatus,species
ASV16,Callorhinus ursinus,species
ASV165,Lycodes palearis,species
ASV17,Callorhinus ursinus,species
ASV186,Lycodes brevipes,species
ASV19,Gadus chalcogrammus,species
ASV193,Anoplopoma fimbria,species
ASV199,Mus musculus,species
ASV2,Clupea pallasii,species
ASV20,Pleurogrammus monopterygius,species
ASV21,Callorhinus ursinus,species
ASV215,Clupea pallasii,species
ASV217,Hydrolagus colliei,species
ASV223,Clupea pallasii,species
ASV231,Triglops macellus,species
ASV24,Clupea pallasii,species
ASV242,Lycodes cortezianus,species
ASV244,Gadus chalcogrammus,species
ASV26,Trichodon trichodon,species
ASV27,Trichodon trichodon,species
ASV273,Trichodon trichodon,species
ASV283,Anoplopoma fimbria,species
ASV295,Mallotus villosus,species
ASV299,Anoplopoma fimbria,species
ASV30,Trichodon trichodon,species
ASV31,Clupea pallasii,species
ASV316,Clupea pallasii,species
ASV32,Clupea pallasii,species
ASV322,Anoplopoma fimbria,species
ASV330,Rangifer tarandus,species
ASV334,Mallotus villosus,species
ASV35,Clupea pallasii,species
ASV357,Anoplopoma fimbria,species
ASV359,Antilocapra americana,species
ASV367,Anoplopoma fimbria,species
ASV375,Anoplopoma fimbria,species
ASV378,Zaprora silenus,species
ASV38,Clupea pallasii,species
ASV384,Nectoliparis pelagicus,species
ASV4,Callorhinus ursinus,species
ASV402,Mallotus villosus,species
ASV412,Icosteus aenigmaticus,species
ASV42,Clupea pallasii,species
ASV44,Clupea pallasii,species
ASV45,Clupea pallasii,species
ASV49,Callorhinus ursinus,species
ASV5,Callorhinus ursinus,species
ASV50,Anoplopoma fimbria,species
ASV52,Clupea pallasii,species
ASV59,Clupea pallasii,species
ASV6,Callorhinus ursinus,species
ASV60,Antilocapra americana,species
ASV61,Clupea pallasii,species
ASV66,Hexagrammos decagrammus,species
ASV68,Clupea pallasii,species
ASV70,Mallotus villosus,species
ASV72,Anoplopoma fimbria,species
ASV73,Clupea pallasii,species
ASV76,Gasterosteus aculeatus,species
ASV78,Mallotus villosus,species
ASV8,Anoplopoma fimbria,species
ASV87,Callorhinus ursinus,species
ASV9,Callorhinus ursinus,species
ASV93,Anoplopoma fimbria,species
ASV94,Clupea pallasii,species
ASV98,Callorhinus ursinus,species
ASV99,Anoplopoma fimbria,species
ASV102,Gadus,genus
ASV104,Sebastes,genus
ASV114,Hexagrammos,genus
ASV116,Gadus,genus
ASV118,Sebastolobus,genus
ASV122,Sebastes,genus
ASV135,Oncorhynchus,genus
ASV138,Oncorhynchus,genus
ASV160,Atheresthes,genus
ASV166,Gadus,genus
ASV170,Gymnelus,genus
ASV173,Gadus,genus
ASV187,Gadus,genus
ASV210,Sebastes,genus
ASV213,Atheresthes,genus
ASV233,Sebastolobus,genus
ASV257,Sebastes,genus
ASV28,Gadus,genus
ASV289,Atheresthes,genus
ASV29,Oncorhynchus,genus
ASV301,Atheresthes,genus
ASV310,Myoxocephalus,genus
ASV319,Lepidopsetta,genus
ASV324,Sebastes,genus
ASV346,Liparis,genus
ASV361,Hemilepidotus,genus
ASV369,Liparis,genus
ASV389,Sebastolobus,genus
ASV400,Hemilepidotus,genus
ASV41,Gadus,genus
ASV51,Gadus,genus
ASV69,Gadus,genus
ASV71,Sebastes,genus
ASV81,Hemilepidotus,genus
ASV88,Pusa,genus
ASV143,Pleuronectidae,family
ASV155,Gadidae,family
ASV164,Petromyzontidae,family
ASV177,Macrouridae,family
ASV211,Gadidae,family
ASV240,Gadidae,family
ASV320,Pleuronectidae,family
ASV337,Agonidae,family
ASV190,Perciformes,order
ASV280,Perciformes,order
