ASV,species,genus,family,order,class,phylum,kingdom,taxonomic_level,taxon
ASV10,Gadus chalcogrammus,Gadus,Gadidae,Gadiformes,Actinopteri,Chordata,,species,Gadus chalcogrammus
ASV105,Gadus chalcogrammus,Gadus,Gadidae,Gadiformes,Actinopteri,Chordata,,species,Gadus chalcogrammus
ASV109,Hippoglossus stenolepis,Hippoglossus,Pleuronectidae,Pleuronectiformes,Actinopteri,Chordata,,species,Hippoglossus stenolepis
ASV117,Gadus chalcogrammus,Gadus,Gadidae,Gadiformes,Actinopteri,Chordata,,species,Gadus chalcogrammus
ASV123,Gadus chalcogrammus,Gadus,Gadidae,Gadiformes,Actinopteri,Chordata,,species,Gadus chalcogrammus
ASV124,Oncorhynchus keta,Oncorhynchus,Salmonidae,Salmoniformes,Actinopteri,Chordata,,species,Oncorhynchus keta
ASV128,Gadus chalcogrammus,Gadus,Gadidae,Gadiformes,Actinopteri,Chordata,,species,Gadus chalcogrammus
ASV129,Gadus chalcogrammus,Gadus,Gadidae,Gadiformes,Actinopteri,Chordata,,species,Gadus chalcogrammus
ASV13,Gadus chalcogrammus,Gadus,Gadidae,Gadiformes,Actinopteri,Chordata,,species,Gadus chalcogrammus
ASV130,Gadus chalcogrammus,Gadus,Gadidae,Gadiformes,Actinopteri,Chordata,,species,Gadus chalcogrammus
ASV134,Gadus chalcogrammus,Gadus,Gadidae,Gadiformes,Actinopteri,Chordata,,species,Gadus chalcogrammus
ASV142,Oncorhynchus tshawytscha,Oncorhynchus,Salmonidae,Salmoniformes,Actinopteri,Chordata,,species,Oncorhynchus tshawytscha
ASV145,Gadus chalcogrammus,Gadus,Gadidae,Gadiformes,Actinopteri,Chordata,,species,Gadus chalcogrammus
ASV151,Boreogadus saida,Boreogadus,Gadidae,Gadiformes,Actinopteri,Chordata,,species,Boreogadus saida
ASV152,Blepsias bilobus,Blepsias,Agonidae,Perciformes,Actinopteri,Chordata,,species,Blepsias bilobus
ASV153,Gadus macrocephalus,Gadus,Gadidae,Gadiformes,Actinopteri,Chordata,,species,Gadus macrocephalus
ASV154,Sebastes pinniger,Sebastes,Sebastidae,Perciformes,Actinopteri,Chordata,,species,Sebastes pinniger
ASV156,Gadus chalcogrammus,Gadus,Gadidae,Gadiformes,Actinopteri,Chordata,,species,Gadus chalcogrammus
ASV159,Oncorhynchus kisutch,Oncorhynchus,Salmonidae,Salmoniformes,Actinopteri,Chordata,,species,Oncorhynchus kisutch
ASV169,Lycodes brevipes,Lycodes,Zoarcidae,Perciformes,Actinopteri,Chordata,,species,Lycodes brevipes
ASV171,Microstomus pacificus,Microstomus,Pleuronectidae,Pleuronectiformes,Actinopteri,Chordata,,species,Microstomus pacificus
ASV172,Gadus chalcogrammus,Gadus,Gadidae,Gadiformes,Actinopteri,Chordata,,species,Gadus chalcogrammus
ASV18,Oncorhynchus keta,Oncorhynchus,Salmonidae,Salmoniformes,Actinopteri,Chordata,,species,Oncorhynchus keta
ASV183,Icelus spatula,Icelus,Cottidae,Perciformes,Actinopteri,Chordata,,species,Icelus spatula
ASV189,Gadus chalcogrammus,Gadus,Gadidae,Gadiformes,Actinopteri,Chordata,,species,Gadus chalcogrammus
ASV191,Oncorhynchus nerka,Oncorhynchus,Salmonidae,Salmoniformes,Actinopteri,Chordata,,species,Oncorhynchus nerka
ASV197,Oncorhynchus tshawytscha,Oncorhynchus,Salmonidae,Salmoniformes,Actinopteri,Chordata,,species,Oncorhynchus tshawytscha
ASV198,Poroclinus rothrocki,Poroclinus,Stichaeidae,Perciformes,Actinopteri,Chordata,,species,Poroclinus rothrocki
ASV214,Microstomus pacificus,Microstomus,Pleuronectidae,Pleuronectiformes,Actinopteri,Chordata,,species,Microstomus pacificus
ASV22,Oncorhynchus nerka,Oncorhynchus,Salmonidae,Salmoniformes,Actinopteri,Chordata,,species,Oncorhynchus nerka
ASV226,Salmo salar,Salmo,Salmonidae,Salmoniformes,Actinopteri,Chordata,,species,Salmo salar
ASV23,Ammodytes personatus,Ammodytes,Ammodytidae,Uranoscopiformes,Actinopteri,Chordata,,species,Ammodytes personatus
ASV25,Oncorhynchus nerka,Oncorhynchus,Salmonidae,Salmoniformes,Actinopteri,Chordata,,species,Oncorhynchus nerka
ASV276,Gadus chalcogrammus,Gadus,Gadidae,Gadiformes,Actinopteri,Chordata,,species,Gadus chalcogrammus
ASV282,Gadus chalcogrammus,Gadus,Gadidae,Gadiformes,Actinopteri,Chordata,,species,Gadus chalcogrammus
ASV3,Gadus chalcogrammus,Gadus,Gadidae,Gadiformes,Actinopteri,Chordata,,species,Gadus chalcogrammus
ASV321,Hippoglossus stenolepis,Hippoglossus,Pleuronectidae,Pleuronectiformes,Actinopteri,Chordata,,species,Hippoglossus stenolepis
ASV339,Zaprora silenus,Zaprora,Zaproridae,Perciformes,Actinopteri,Chordata,,species,Zaprora silenus
ASV34,Hexagrammos decagrammus,Hexagrammos,Hexagrammidae,Perciformes,Actinopteri,Chordata,,species,Hexagrammos decagrammus
ASV341,Stenobrachius leucopsarus,Stenobrachius,Myctophidae,Myctophiformes,Actinopteri,Chordata,,species,Stenobrachius leucopsarus
ASV343,Gadus chalcogrammus,Gadus,Gadidae,Gadiformes,Actinopteri,Chordata,,species,Gadus chalcogrammus
ASV350,Lycodes palearis,Lycodes,Zoarcidae,Perciformes,Actinopteri,Chordata,,species,Lycodes palearis
ASV356,Zaprora silenus,Zaprora,Zaproridae,Perciformes,Actinopteri,Chordata,,species,Zaprora silenus
ASV36,Gadus chalcogrammus,Gadus,Gadidae,Gadiformes,Actinopteri,Chordata,,species,Gadus chalcogrammus
ASV362,Stenobrachius leucopsarus,Stenobrachius,Myctophidae,Myctophiformes,Actinopteri,Chordata,,species,Stenobrachius leucopsarus
ASV363,Cryptacanthodes aleutensis,Cryptacanthodes,Cryptacanthodidae,Perciformes,Actinopteri,Chordata,,species,Cryptacanthodes aleutensis
ASV365,Zaprora silenus,Zaprora,Zaproridae,Perciformes,Actinopteri,Chordata,,species,Zaprora silenus
ASV37,Gadus chalcogrammus,Gadus,Gadidae,Gadiformes,Actinopteri,Chordata,,species,Gadus chalcogrammus
ASV374,Oncorhynchus gorbuscha,Oncorhynchus,Salmonidae,Salmoniformes,Actinopteri,Chordata,,species,Oncorhynchus gorbuscha
ASV379,Thaleichthys pacificus,Thaleichthys,Osmeridae,Osmeriformes,Actinopteri,Chordata,,species,Thaleichthys pacificus
ASV39,Oncorhynchus gorbuscha,Oncorhynchus,Salmonidae,Salmoniformes,Actinopteri,Chordata,,species,Oncorhynchus gorbuscha
ASV40,Gadus chalcogrammus,Gadus,Gadidae,Gadiformes,Actinopteri,Chordata,,species,Gadus chalcogrammus
ASV405,Hemilepidotus jordani,Hemilepidotus,Cottidae,Perciformes,Actinopteri,Chordata,,species,Hemilepidotus jordani
ASV410,Gadus chalcogrammus,Gadus,Gadidae,Gadiformes,Actinopteri,Chordata,,species,Gadus chalcogrammus
ASV411,Oncorhynchus nerka,Oncorhynchus,Salmonidae,Salmoniformes,Actinopteri,Chordata,,species,Oncorhynchus nerka
ASV421,Sebastes diploproa,Sebastes,Sebastidae,Perciformes,Actinopteri,Chordata,,species,Sebastes diploproa
ASV427,Sebastes entomelas,Sebastes,Sebastidae,Perciformes,Actinopteri,Chordata,,species,Sebastes entomelas
ASV43,Gadus chalcogrammus,Gadus,Gadidae,Gadiformes,Actinopteri,Chordata,,species,Gadus chalcogrammus
ASV47,Oncorhynchus tshawytscha,Oncorhynchus,Salmonidae,Salmoniformes,Actinopteri,Chordata,,species,Oncorhynchus tshawytscha
ASV48,Anoplopoma fimbria,Anoplopoma,Anoplopomatidae,Perciformes,Actinopteri,Chordata,,species,Anoplopoma fimbria
ASV53,Gadus chalcogrammus,Gadus,Gadidae,Gadiformes,Actinopteri,Chordata,,species,Gadus chalcogrammus
ASV54,Gadus chalcogrammus,Gadus,Gadidae,Gadiformes,Actinopteri,Chordata,,species,Gadus chalcogrammus
ASV55,Gadus chalcogrammus,Gadus,Gadidae,Gadiformes,Actinopteri,Chordata,,species,Gadus chalcogrammus
ASV58,Gadus macrocephalus,Gadus,Gadidae,Gadiformes,Actinopteri,Chordata,,species,Gadus macrocephalus
ASV62,Gadus chalcogrammus,Gadus,Gadidae,Gadiformes,Actinopteri,Chordata,,species,Gadus chalcogrammus
ASV63,Leptoclinus maculatus,Leptoclinus,Stichaeidae,Perciformes,Actinopteri,Chordata,,species,Leptoclinus maculatus
ASV67,Gadus chalcogrammus,Gadus,Gadidae,Gadiformes,Actinopteri,Chordata,,species,Gadus chalcogrammus
ASV7,Zaprora silenus,Zaprora,Zaproridae,Perciformes,Actinopteri,Chordata,,species,Zaprora silenus
ASV74,Gadus chalcogrammus,Gadus,Gadidae,Gadiformes,Actinopteri,Chordata,,species,Gadus chalcogrammus
ASV82,Gadus chalcogrammus,Gadus,Gadidae,Gadiformes,Actinopteri,Chordata,,species,Gadus chalcogrammus
ASV86,Gadus chalcogrammus,Gadus,Gadidae,Gadiformes,Actinopteri,Chordata,,species,Gadus chalcogrammus
ASV89,Coryphaenoides cinereus,Coryphaenoides,Macrouridae,Gadiformes,Actinopteri,Chordata,,species,Coryphaenoides cinereus
ASV90,Stenobrachius leucopsarus,Stenobrachius,Myctophidae,Myctophiformes,Actinopteri,Chordata,,species,Stenobrachius leucopsarus
ASV91,Gadus chalcogrammus,Gadus,Gadidae,Gadiformes,Actinopteri,Chordata,,species,Gadus chalcogrammus
ASV92,Gadus chalcogrammus,Gadus,Gadidae,Gadiformes,Actinopteri,Chordata,,species,Gadus chalcogrammus
ASV95,Microgadus proximus,Microgadus,Gadidae,Gadiformes,Actinopteri,Chordata,,species,Microgadus proximus
ASV97,Gadus chalcogrammus,Gadus,Gadidae,Gadiformes,Actinopteri,Chordata,,species,Gadus chalcogrammus
ASV1,Callorhinus ursinus,NA,NA,NA,NA,NA,NA,species,Callorhinus ursinus
ASV101,Gadus chalcogrammus,NA,NA,NA,NA,NA,NA,species,Gadus chalcogrammus
ASV106,Anoplopoma fimbria,NA,NA,NA,NA,NA,NA,species,Anoplopoma fimbria
ASV108,Eschrichtius robustus,NA,NA,NA,NA,NA,NA,species,Eschrichtius robustus
ASV11,Callorhinus ursinus,NA,NA,NA,NA,NA,NA,species,Callorhinus ursinus
ASV111,Phocoenoides dalli,NA,NA,NA,NA,NA,NA,species,Phocoenoides dalli
ASV115,Anoplopoma fimbria,NA,NA,NA,NA,NA,NA,species,Anoplopoma fimbria
ASV120,Clupea pallasii,NA,NA,NA,NA,NA,NA,species,Clupea pallasii
ASV131,Clupea pallasii,NA,NA,NA,NA,NA,NA,species,Clupea pallasii
ASV139,Trichodon trichodon,NA,NA,NA,NA,NA,NA,species,Trichodon trichodon
ASV14,Callorhinus ursinus,NA,NA,NA,NA,NA,NA,species,Callorhinus ursinus
ASV15,Callorhinus ursinus,NA,NA,NA,NA,NA,NA,species,Callorhinus ursinus
ASV158,Leptoclinus maculatus,NA,NA,NA,NA,NA,NA,species,Leptoclinus maculatus
ASV16,Callorhinus ursinus,NA,NA,NA,NA,NA,NA,species,Callorhinus ursinus
ASV165,Lycodes palearis,NA,NA,NA,NA,NA,NA,species,Lycodes palearis
ASV17,Callorhinus ursinus,NA,NA,NA,NA,NA,NA,species,Callorhinus ursinus
ASV186,Lycodes brevipes,NA,NA,NA,NA,NA,NA,species,Lycodes brevipes
ASV19,Gadus chalcogrammus,NA,NA,NA,NA,NA,NA,species,Gadus chalcogrammus
ASV193,Anoplopoma fimbria,NA,NA,NA,NA,NA,NA,species,Anoplopoma fimbria
ASV199,Mus musculus,NA,NA,NA,NA,NA,NA,species,Mus musculus
ASV2,Clupea pallasii,NA,NA,NA,NA,NA,NA,species,Clupea pallasii
ASV20,Pleurogrammus monopterygius,NA,NA,NA,NA,NA,NA,species,Pleurogrammus monopterygius
ASV21,Callorhinus ursinus,NA,NA,NA,NA,NA,NA,species,Callorhinus ursinus
ASV215,Clupea pallasii,NA,NA,NA,NA,NA,NA,species,Clupea pallasii
ASV217,Hydrolagus colliei,NA,NA,NA,NA,NA,NA,species,Hydrolagus colliei
ASV223,Clupea pallasii,NA,NA,NA,NA,NA,NA,species,Clupea pallasii
ASV231,Triglops macellus,NA,NA,NA,NA,NA,NA,species,Triglops macellus
ASV24,Clupea pallasii,NA,NA,NA,NA,NA,NA,species,Clupea pallasii
ASV242,Lycodes cortezianus,NA,NA,NA,NA,NA,NA,species,Lycodes cortezianus
ASV244,Gadus chalcogrammus,NA,NA,NA,NA,NA,NA,species,Gadus chalcogrammus
ASV26,Trichodon trichodon,NA,NA,NA,NA,NA,NA,species,Trichodon trichodon
ASV27,Trichodon trichodon,NA,NA,NA,NA,NA,NA,species,Trichodon trichodon
ASV273,Trichodon trichodon,NA,NA,NA,NA,NA,NA,species,Trichodon trichodon
ASV283,Anoplopoma fimbria,NA,NA,NA,NA,NA,NA,species,Anoplopoma fimbria
ASV295,Mallotus villosus,NA,NA,NA,NA,NA,NA,species,Mallotus villosus
ASV299,Anoplopoma fimbria,NA,NA,NA,NA,NA,NA,species,Anoplopoma fimbria
ASV30,Trichodon trichodon,NA,NA,NA,NA,NA,NA,species,Trichodon trichodon
ASV31,Clupea pallasii,NA,NA,NA,NA,NA,NA,species,Clupea pallasii
ASV316,Clupea pallasii,NA,NA,NA,NA,NA,NA,species,Clupea pallasii
ASV32,Clupea pallasii,NA,NA,NA,NA,NA,NA,species,Clupea pallasii
ASV322,Anoplopoma fimbria,NA,NA,NA,NA,NA,NA,species,Anoplopoma fimbria
ASV330,Rangifer tarandus,NA,NA,NA,NA,NA,NA,species,Rangifer tarandus
ASV334,Mallotus villosus,NA,NA,NA,NA,NA,NA,species,Mallotus villosus
ASV35,Clupea pallasii,NA,NA,NA,NA,NA,NA,species,Clupea pallasii
ASV357,Anoplopoma fimbria,NA,NA,NA,NA,NA,NA,species,Anoplopoma fimbria
ASV359,Antilocapra americana,NA,NA,NA,NA,NA,NA,species,Antilocapra americana
ASV367,Anoplopoma fimbria,NA,NA,NA,NA,NA,NA,species,Anoplopoma fimbria
ASV375,Anoplopoma fimbria,NA,NA,NA,NA,NA,NA,species,Anoplopoma fimbria
ASV378,Zaprora silenus,NA,NA,NA,NA,NA,NA,species,Zaprora silenus
ASV38,Clupea pallasii,NA,NA,NA,NA,NA,NA,species,Clupea pallasii
ASV384,Nectoliparis pelagicus,NA,NA,NA,NA,NA,NA,species,Nectoliparis pelagicus
ASV4,Callorhinus ursinus,NA,NA,NA,NA,NA,NA,species,Callorhinus ursinus
ASV402,Mallotus villosus,NA,NA,NA,NA,NA,NA,species,Mallotus villosus
ASV412,Icosteus aenigmaticus,NA,NA,NA,NA,NA,NA,species,Icosteus aenigmaticus
ASV42,Clupea pallasii,NA,NA,NA,NA,NA,NA,species,Clupea pallasii
ASV44,Clupea pallasii,NA,NA,NA,NA,NA,NA,species,Clupea pallasii
ASV45,Clupea pallasii,NA,NA,NA,NA,NA,NA,species,Clupea pallasii
ASV49,Callorhinus ursinus,NA,NA,NA,NA,NA,NA,species,Callorhinus ursinus
ASV5,Callorhinus ursinus,NA,NA,NA,NA,NA,NA,species,Callorhinus ursinus
ASV50,Anoplopoma fimbria,NA,NA,NA,NA,NA,NA,species,Anoplopoma fimbria
ASV52,Clupea pallasii,NA,NA,NA,NA,NA,NA,species,Clupea pallasii
ASV59,Clupea pallasii,NA,NA,NA,NA,NA,NA,species,Clupea pallasii
ASV6,Callorhinus ursinus,NA,NA,NA,NA,NA,NA,species,Callorhinus ursinus
ASV60,Antilocapra americana,NA,NA,NA,NA,NA,NA,species,Antilocapra americana
ASV61,Clupea pallasii,NA,NA,NA,NA,NA,NA,species,Clupea pallasii
ASV66,Hexagrammos decagrammus,NA,NA,NA,NA,NA,NA,species,Hexagrammos decagrammus
ASV68,Clupea pallasii,NA,NA,NA,NA,NA,NA,species,Clupea pallasii
ASV70,Mallotus villosus,NA,NA,NA,NA,NA,NA,species,Mallotus villosus
ASV72,Anoplopoma fimbria,NA,NA,NA,NA,NA,NA,species,Anoplopoma fimbria
ASV73,Clupea pallasii,NA,NA,NA,NA,NA,NA,species,Clupea pallasii
ASV76,Gasterosteus aculeatus,NA,NA,NA,NA,NA,NA,species,Gasterosteus aculeatus
ASV78,Mallotus villosus,NA,NA,NA,NA,NA,NA,species,Mallotus villosus
ASV8,Anoplopoma fimbria,NA,NA,NA,NA,NA,NA,species,Anoplopoma fimbria
ASV87,Callorhinus ursinus,NA,NA,NA,NA,NA,NA,species,Callorhinus ursinus
ASV9,Callorhinus ursinus,NA,NA,NA,NA,NA,NA,species,Callorhinus ursinus
ASV93,Anoplopoma fimbria,NA,NA,NA,NA,NA,NA,species,Anoplopoma fimbria
ASV94,Clupea pallasii,NA,NA,NA,NA,NA,NA,species,Clupea pallasii
ASV98,Callorhinus ursinus,NA,NA,NA,NA,NA,NA,species,Callorhinus ursinus
ASV99,Anoplopoma fimbria,NA,NA,NA,NA,NA,NA,species,Anoplopoma fimbria
ASV102,Gadus chalcogrammus,Gadus,Gadidae,Gadiformes,Actinopteri,Chordata,,genus,Gadus
ASV102,Gadus macrocephalus,Gadus,Gadidae,Gadiformes,Actinopteri,Chordata,,genus,Gadus
ASV104,Sebastes aleutianus,Sebastes,Sebastidae,Perciformes,Actinopteri,Chordata,,genus,Sebastes
ASV104,Sebastes alutus,Sebastes,Sebastidae,Perciformes,Actinopteri,Chordata,,genus,Sebastes
ASV104,Sebastes aurora,Sebastes,Sebastidae,Perciformes,Actinopteri,Chordata,,genus,Sebastes
ASV104,Sebastes babcocki,Sebastes,Sebastidae,Perciformes,Actinopteri,Chordata,,genus,Sebastes
ASV104,Sebastes brevispinis,Sebastes,Sebastidae,Perciformes,Actinopteri,Chordata,,genus,Sebastes
ASV104,Sebastes elongatus,Sebastes,Sebastidae,Perciformes,Actinopteri,Chordata,,genus,Sebastes
ASV104,Sebastes emphaeus,Sebastes,Sebastidae,Perciformes,Actinopteri,Chordata,,genus,Sebastes
ASV104,Sebastes flavidus,Sebastes,Sebastidae,Perciformes,Actinopteri,Chordata,,genus,Sebastes
ASV104,Sebastes goodei,Sebastes,Sebastidae,Perciformes,Actinopteri,Chordata,,genus,Sebastes
ASV104,Sebastes helvomaculatus,Sebastes,Sebastidae,Perciformes,Actinopteri,Chordata,,genus,Sebastes
ASV104,Sebastes melanops,Sebastes,Sebastidae,Perciformes,Actinopteri,Chordata,,genus,Sebastes
ASV104,Sebastes melanostictus,Sebastes,Sebastidae,Perciformes,Actinopteri,Chordata,,genus,Sebastes
ASV104,Sebastes miniatus,Sebastes,Sebastidae,Perciformes,Actinopteri,Chordata,,genus,Sebastes
ASV104,Sebastes paucispinis,Sebastes,Sebastidae,Perciformes,Actinopteri,Chordata,,genus,Sebastes
ASV104,Sebastes pinniger,Sebastes,Sebastidae,Perciformes,Actinopteri,Chordata,,genus,Sebastes
ASV104,Sebastes polyspinis,Sebastes,Sebastidae,Perciformes,Actinopteri,Chordata,,genus,Sebastes
ASV104,Sebastes proriger,Sebastes,Sebastidae,Perciformes,Actinopteri,Chordata,,genus,Sebastes
ASV104,Sebastes rosaceus,Sebastes,Sebastidae,Perciformes,Actinopteri,Chordata,,genus,Sebastes
ASV104,Sebastes ruberrimus,Sebastes,Sebastidae,Perciformes,Actinopteri,Chordata,,genus,Sebastes
ASV104,Sebastes variegatus,Sebastes,Sebastidae,Perciformes,Actinopteri,Chordata,,genus,Sebastes
ASV104,Sebastes wilsoni,Sebastes,Sebastidae,Perciformes,Actinopteri,Chordata,,genus,Sebastes
ASV104,Sebastes zacentrus,Sebastes,Sebastidae,Perciformes,Actinopteri,Chordata,,genus,Sebastes
ASV114,Hexagrammos lagocephalus,Hexagrammos,Hexagrammidae,Perciformes,Actinopteri,Chordata,,genus,Hexagrammos
ASV114,Hexagrammos octogrammus,Hexagrammos,Hexagrammidae,Perciformes,Actinopteri,Chordata,,genus,Hexagrammos
ASV114,Hexagrammos stelleri,Hexagrammos,Hexagrammidae,Perciformes,Actinopteri,Chordata,,genus,Hexagrammos
ASV116,Gadus chalcogrammus,Gadus,Gadidae,Gadiformes,Actinopteri,Chordata,,genus,Gadus
ASV116,Gadus macrocephalus,Gadus,Gadidae,Gadiformes,Actinopteri,Chordata,,genus,Gadus
ASV118,Sebastolobus alascanus,Sebastolobus,Sebastidae,Perciformes,Actinopteri,Chordata,,genus,Sebastolobus
ASV118,Sebastolobus altivelis,Sebastolobus,Sebastidae,Perciformes,Actinopteri,Chordata,,genus,Sebastolobus
ASV118,Sebastolobus macrochir,Sebastolobus,Sebastidae,Perciformes,Actinopteri,Chordata,,genus,Sebastolobus
ASV122,Sebastes ciliatus,Sebastes,Sebastidae,Perciformes,Actinopteri,Chordata,,genus,Sebastes
ASV122,Sebastes crameri,Sebastes,Sebastidae,Perciformes,Actinopteri,Chordata,,genus,Sebastes
ASV122,Sebastes polyspinis,Sebastes,Sebastidae,Perciformes,Actinopteri,Chordata,,genus,Sebastes
ASV122,Sebastes reedi,Sebastes,Sebastidae,Perciformes,Actinopteri,Chordata,,genus,Sebastes
ASV122,Sebastes variabilis,Sebastes,Sebastidae,Perciformes,Actinopteri,Chordata,,genus,Sebastes
ASV135,Oncorhynchus keta,Oncorhynchus,Salmonidae,Salmoniformes,Actinopteri,Chordata,,genus,Oncorhynchus
ASV135,Oncorhynchus kisutch,Oncorhynchus,Salmonidae,Salmoniformes,Actinopteri,Chordata,,genus,Oncorhynchus
ASV138,Oncorhynchus kisutch,Oncorhynchus,Salmonidae,Salmoniformes,Actinopteri,Chordata,,genus,Oncorhynchus
ASV138,Oncorhynchus keta,Oncorhynchus,Salmonidae,Salmoniformes,Actinopteri,Chordata,,genus,Oncorhynchus
ASV160,Atheresthes evermanni,Atheresthes,Pleuronectidae,Pleuronectiformes,Actinopteri,Chordata,,genus,Atheresthes
ASV160,Atheresthes stomias,Atheresthes,Pleuronectidae,Pleuronectiformes,Actinopteri,Chordata,,genus,Atheresthes
ASV166,Gadus chalcogrammus,Gadus,Gadidae,Gadiformes,Actinopteri,Chordata,,genus,Gadus
ASV166,Gadus macrocephalus,Gadus,Gadidae,Gadiformes,Actinopteri,Chordata,,genus,Gadus
ASV170,Gymnelus hemifasciatus,Gymnelus,Zoarcidae,Perciformes,Actinopteri,Chordata,,genus,Gymnelus
ASV170,Gymnelus viridis,Gymnelus,Zoarcidae,Perciformes,Actinopteri,Chordata,,genus,Gymnelus
ASV173,Gadus chalcogrammus,Gadus,Gadidae,Gadiformes,Actinopteri,Chordata,,genus,Gadus
ASV173,Gadus macrocephalus,Gadus,Gadidae,Gadiformes,Actinopteri,Chordata,,genus,Gadus
ASV187,Gadus chalcogrammus,Gadus,Gadidae,Gadiformes,Actinopteri,Chordata,,genus,Gadus
ASV187,Gadus macrocephalus,Gadus,Gadidae,Gadiformes,Actinopteri,Chordata,,genus,Gadus
ASV210,Sebastes aleutianus,Sebastes,Sebastidae,Perciformes,Actinopteri,Chordata,,genus,Sebastes
ASV210,Sebastes alutus,Sebastes,Sebastidae,Perciformes,Actinopteri,Chordata,,genus,Sebastes
ASV210,Sebastes aurora,Sebastes,Sebastidae,Perciformes,Actinopteri,Chordata,,genus,Sebastes
ASV210,Sebastes babcocki,Sebastes,Sebastidae,Perciformes,Actinopteri,Chordata,,genus,Sebastes
ASV210,Sebastes brevispinis,Sebastes,Sebastidae,Perciformes,Actinopteri,Chordata,,genus,Sebastes
ASV210,Sebastes elongatus,Sebastes,Sebastidae,Perciformes,Actinopteri,Chordata,,genus,Sebastes
ASV210,Sebastes emphaeus,Sebastes,Sebastidae,Perciformes,Actinopteri,Chordata,,genus,Sebastes
ASV210,Sebastes flavidus,Sebastes,Sebastidae,Perciformes,Actinopteri,Chordata,,genus,Sebastes
ASV210,Sebastes goodei,Sebastes,Sebastidae,Perciformes,Actinopteri,Chordata,,genus,Sebastes
ASV210,Sebastes helvomaculatus,Sebastes,Sebastidae,Perciformes,Actinopteri,Chordata,,genus,Sebastes
ASV210,Sebastes melanops,Sebastes,Sebastidae,Perciformes,Actinopteri,Chordata,,genus,Sebastes
ASV210,Sebastes melanostictus,Sebastes,Sebastidae,Perciformes,Actinopteri,Chordata,,genus,Sebastes
ASV210,Sebastes miniatus,Sebastes,Sebastidae,Perciformes,Actinopteri,Chordata,,genus,Sebastes
ASV210,Sebastes paucispinis,Sebastes,Sebastidae,Perciformes,Actinopteri,Chordata,,genus,Sebastes
ASV210,Sebastes pinniger,Sebastes,Sebastidae,Perciformes,Actinopteri,Chordata,,genus,Sebastes
ASV210,Sebastes polyspinis,Sebastes,Sebastidae,Perciformes,Actinopteri,Chordata,,genus,Sebastes
ASV210,Sebastes proriger,Sebastes,Sebastidae,Perciformes,Actinopteri,Chordata,,genus,Sebastes
ASV210,Sebastes rosaceus,Sebastes,Sebastidae,Perciformes,Actinopteri,Chordata,,genus,Sebastes
ASV210,Sebastes ruberrimus,Sebastes,Sebastidae,Perciformes,Actinopteri,Chordata,,genus,Sebastes
ASV210,Sebastes variegatus,Sebastes,Sebastidae,Perciformes,Actinopteri,Chordata,,genus,Sebastes
ASV210,Sebastes wilsoni,Sebastes,Sebastidae,Perciformes,Actinopteri,Chordata,,genus,Sebastes
ASV210,Sebastes zacentrus,Sebastes,Sebastidae,Perciformes,Actinopteri,Chordata,,genus,Sebastes
ASV213,Atheresthes evermanni,Atheresthes,Pleuronectidae,Pleuronectiformes,Actinopteri,Chordata,,genus,Atheresthes
ASV213,Atheresthes stomias,Atheresthes,Pleuronectidae,Pleuronectiformes,Actinopteri,Chordata,,genus,Atheresthes
ASV233,Sebastolobus alascanus,Sebastolobus,Sebastidae,Perciformes,Actinopteri,Chordata,,genus,Sebastolobus
ASV233,Sebastolobus altivelis,Sebastolobus,Sebastidae,Perciformes,Actinopteri,Chordata,,genus,Sebastolobus
ASV233,Sebastolobus macrochir,Sebastolobus,Sebastidae,Perciformes,Actinopteri,Chordata,,genus,Sebastolobus
ASV257,Sebastes aleutianus,Sebastes,Sebastidae,Perciformes,Actinopteri,Chordata,,genus,Sebastes
ASV257,Sebastes alutus,Sebastes,Sebastidae,Perciformes,Actinopteri,Chordata,,genus,Sebastes
ASV257,Sebastes aurora,Sebastes,Sebastidae,Perciformes,Actinopteri,Chordata,,genus,Sebastes
ASV257,Sebastes babcocki,Sebastes,Sebastidae,Perciformes,Actinopteri,Chordata,,genus,Sebastes
ASV257,Sebastes brevispinis,Sebastes,Sebastidae,Perciformes,Actinopteri,Chordata,,genus,Sebastes
ASV257,Sebastes elongatus,Sebastes,Sebastidae,Perciformes,Actinopteri,Chordata,,genus,Sebastes
ASV257,Sebastes emphaeus,Sebastes,Sebastidae,Perciformes,Actinopteri,Chordata,,genus,Sebastes
ASV257,Sebastes flavidus,Sebastes,Sebastidae,Perciformes,Actinopteri,Chordata,,genus,Sebastes
ASV257,Sebastes goodei,Sebastes,Sebastidae,Perciformes,Actinopteri,Chordata,,genus,Sebastes
ASV257,Sebastes helvomaculatus,Sebastes,Sebastidae,Perciformes,Actinopteri,Chordata,,genus,Sebastes
ASV257,Sebastes melanops,Sebastes,Sebastidae,Perciformes,Actinopteri,Chordata,,genus,Sebastes
ASV257,Sebastes melanostictus,Sebastes,Sebastidae,Perciformes,Actinopteri,Chordata,,genus,Sebastes
ASV257,Sebastes miniatus,Sebastes,Sebastidae,Perciformes,Actinopteri,Chordata,,genus,Sebastes
ASV257,Sebastes paucispinis,Sebastes,Sebastidae,Perciformes,Actinopteri,Chordata,,genus,Sebastes
ASV257,Sebastes pinniger,Sebastes,Sebastidae,Perciformes,Actinopteri,Chordata,,genus,Sebastes
ASV257,Sebastes polyspinis,Sebastes,Sebastidae,Perciformes,Actinopteri,Chordata,,genus,Sebastes
ASV257,Sebastes proriger,Sebastes,Sebastidae,Perciformes,Actinopteri,Chordata,,genus,Sebastes
ASV257,Sebastes rosaceus,Sebastes,Sebastidae,Perciformes,Actinopteri,Chordata,,genus,Sebastes
ASV257,Sebastes ruberrimus,Sebastes,Sebastidae,Perciformes,Actinopteri,Chordata,,genus,Sebastes
ASV257,Sebastes variegatus,Sebastes,Sebastidae,Perciformes,Actinopteri,Chordata,,genus,Sebastes
ASV257,Sebastes wilsoni,Sebastes,Sebastidae,Perciformes,Actinopteri,Chordata,,genus,Sebastes
ASV257,Sebastes zacentrus,Sebastes,Sebastidae,Perciformes,Actinopteri,Chordata,,genus,Sebastes
ASV28,Gadus chalcogrammus,Gadus,Gadidae,Gadiformes,Actinopteri,Chordata,,genus,Gadus
ASV28,Gadus macrocephalus,Gadus,Gadidae,Gadiformes,Actinopteri,Chordata,,genus,Gadus
ASV289,Atheresthes evermanni,Atheresthes,Pleuronectidae,Pleuronectiformes,Actinopteri,Chordata,,genus,Atheresthes
ASV289,Atheresthes stomias,Atheresthes,Pleuronectidae,Pleuronectiformes,Actinopteri,Chordata,,genus,Atheresthes
ASV29,Oncorhynchus keta,Oncorhynchus,Salmonidae,Salmoniformes,Actinopteri,Chordata,,genus,Oncorhynchus
ASV29,Oncorhynchus nerka,Oncorhynchus,Salmonidae,Salmoniformes,Actinopteri,Chordata,,genus,Oncorhynchus
ASV301,Atheresthes evermanni,Atheresthes,Pleuronectidae,Pleuronectiformes,Actinopteri,Chordata,,genus,Atheresthes
ASV301,Atheresthes stomias,Atheresthes,Pleuronectidae,Pleuronectiformes,Actinopteri,Chordata,,genus,Atheresthes
ASV310,Myoxocephalus quadricornis,Myoxocephalus,Cottidae,Perciformes,Actinopteri,Chordata,,genus,Myoxocephalus
ASV310,Myoxocephalus scorpius,Myoxocephalus,Cottidae,Perciformes,Actinopteri,Chordata,,genus,Myoxocephalus
ASV319,Lepidopsetta bilineata,Lepidopsetta,Pleuronectidae,Pleuronectiformes,Actinopteri,Chordata,,genus,Lepidopsetta
ASV319,Lepidopsetta polyxystra,Lepidopsetta,Pleuronectidae,Pleuronectiformes,Actinopteri,Chordata,,genus,Lepidopsetta
ASV324,Sebastes aleutianus,Sebastes,Sebastidae,Perciformes,Actinopteri,Chordata,,genus,Sebastes
ASV324,Sebastes alutus,Sebastes,Sebastidae,Perciformes,Actinopteri,Chordata,,genus,Sebastes
ASV324,Sebastes aurora,Sebastes,Sebastidae,Perciformes,Actinopteri,Chordata,,genus,Sebastes
ASV324,Sebastes babcocki,Sebastes,Sebastidae,Perciformes,Actinopteri,Chordata,,genus,Sebastes
ASV324,Sebastes brevispinis,Sebastes,Sebastidae,Perciformes,Actinopteri,Chordata,,genus,Sebastes
ASV324,Sebastes elongatus,Sebastes,Sebastidae,Perciformes,Actinopteri,Chordata,,genus,Sebastes
ASV324,Sebastes emphaeus,Sebastes,Sebastidae,Perciformes,Actinopteri,Chordata,,genus,Sebastes
ASV324,Sebastes flavidus,Sebastes,Sebastidae,Perciformes,Actinopteri,Chordata,,genus,Sebastes
ASV324,Sebastes goodei,Sebastes,Sebastidae,Perciformes,Actinopteri,Chordata,,genus,Sebastes
ASV324,Sebastes helvomaculatus,Sebastes,Sebastidae,Perciformes,Actinopteri,Chordata,,genus,Sebastes
ASV324,Sebastes melanops,Sebastes,Sebastidae,Perciformes,Actinopteri,Chordata,,genus,Sebastes
ASV324,Sebastes melanostictus,Sebastes,Sebastidae,Perciformes,Actinopteri,Chordata,,genus,Sebastes
ASV324,Sebastes miniatus,Sebastes,Sebastidae,Perciformes,Actinopteri,Chordata,,genus,Sebastes
ASV324,Sebastes paucispinis,Sebastes,Sebastidae,Perciformes,Actinopteri,Chordata,,genus,Sebastes
ASV324,Sebastes pinniger,Sebastes,Sebastidae,Perciformes,Actinopteri,Chordata,,genus,Sebastes
ASV324,Sebastes polyspinis,Sebastes,Sebastidae,Perciformes,Actinopteri,Chordata,,genus,Sebastes
ASV324,Sebastes proriger,Sebastes,Sebastidae,Perciformes,Actinopteri,Chordata,,genus,Sebastes
ASV324,Sebastes rosaceus,Sebastes,Sebastidae,Perciformes,Actinopteri,Chordata,,genus,Sebastes
ASV324,Sebastes ruberrimus,Sebastes,Sebastidae,Perciformes,Actinopteri,Chordata,,genus,Sebastes
ASV324,Sebastes variegatus,Sebastes,Sebastidae,Perciformes,Actinopteri,Chordata,,genus,Sebastes
ASV324,Sebastes wilsoni,Sebastes,Sebastidae,Perciformes,Actinopteri,Chordata,,genus,Sebastes
ASV324,Sebastes zacentrus,Sebastes,Sebastidae,Perciformes,Actinopteri,Chordata,,genus,Sebastes
ASV346,Liparis gibbus,Liparis,Liparidae,Perciformes,Actinopteri,Chordata,,genus,Liparis
ASV346,Liparis ochotensis,Liparis,Liparidae,Perciformes,Actinopteri,Chordata,,genus,Liparis
ASV361,Hemilepidotus jordani,Hemilepidotus,Cottidae,Perciformes,Actinopteri,Chordata,,genus,Hemilepidotus
ASV361,Hemilepidotus papilio,Hemilepidotus,Cottidae,Perciformes,Actinopteri,Chordata,,genus,Hemilepidotus
ASV369,Liparis bathyarcticus,Liparis,Liparidae,Perciformes,Actinopteri,Chordata,,genus,Liparis
ASV369,Liparis gibbus,Liparis,Liparidae,Perciformes,Actinopteri,Chordata,,genus,Liparis
ASV369,Liparis ochotensis,Liparis,Liparidae,Perciformes,Actinopteri,Chordata,,genus,Liparis
ASV389,Sebastolobus alascanus,Sebastolobus,Sebastidae,Perciformes,Actinopteri,Chordata,,genus,Sebastolobus
ASV389,Sebastolobus altivelis,Sebastolobus,Sebastidae,Perciformes,Actinopteri,Chordata,,genus,Sebastolobus
ASV389,Sebastolobus macrochir,Sebastolobus,Sebastidae,Perciformes,Actinopteri,Chordata,,genus,Sebastolobus
ASV400,Hemilepidotus gilberti,Hemilepidotus,Cottidae,Perciformes,Actinopteri,Chordata,,genus,Hemilepidotus
ASV400,Hemilepidotus zapus,Hemilepidotus,Cottidae,Perciformes,Actinopteri,Chordata,,genus,Hemilepidotus
ASV41,Gadus chalcogrammus,Gadus,Gadidae,Gadiformes,Actinopteri,Chordata,,genus,Gadus
ASV41,Gadus macrocephalus,Gadus,Gadidae,Gadiformes,Actinopteri,Chordata,,genus,Gadus
ASV51,Gadus chalcogrammus,Gadus,Gadidae,Gadiformes,Actinopteri,Chordata,,genus,Gadus
ASV51,Gadus macrocephalus,Gadus,Gadidae,Gadiformes,Actinopteri,Chordata,,genus,Gadus
ASV69,Gadus chalcogrammus,Gadus,Gadidae,Gadiformes,Actinopteri,Chordata,,genus,Gadus
ASV69,Gadus macrocephalus,Gadus,Gadidae,Gadiformes,Actinopteri,Chordata,,genus,Gadus
ASV71,Sebastes aleutianus,Sebastes,Sebastidae,Perciformes,Actinopteri,Chordata,,genus,Sebastes
ASV71,Sebastes alutus,Sebastes,Sebastidae,Perciformes,Actinopteri,Chordata,,genus,Sebastes
ASV71,Sebastes aurora,Sebastes,Sebastidae,Perciformes,Actinopteri,Chordata,,genus,Sebastes
ASV71,Sebastes babcocki,Sebastes,Sebastidae,Perciformes,Actinopteri,Chordata,,genus,Sebastes
ASV71,Sebastes brevispinis,Sebastes,Sebastidae,Perciformes,Actinopteri,Chordata,,genus,Sebastes
ASV71,Sebastes elongatus,Sebastes,Sebastidae,Perciformes,Actinopteri,Chordata,,genus,Sebastes
ASV71,Sebastes emphaeus,Sebastes,Sebastidae,Perciformes,Actinopteri,Chordata,,genus,Sebastes
ASV71,Sebastes flavidus,Sebastes,Sebastidae,Perciformes,Actinopteri,Chordata,,genus,Sebastes
ASV71,Sebastes goodei,Sebastes,Sebastidae,Perciformes,Actinopteri,Chordata,,genus,Sebastes
ASV71,Sebastes helvomaculatus,Sebastes,Sebastidae,Perciformes,Actinopteri,Chordata,,genus,Sebastes
ASV71,Sebastes melanops,Sebastes,Sebastidae,Perciformes,Actinopteri,Chordata,,genus,Sebastes
ASV71,Sebastes melanostictus,Sebastes,Sebastidae,Perciformes,Actinopteri,Chordata,,genus,Sebastes
ASV71,Sebastes miniatus,Sebastes,Sebastidae,Perciformes,Actinopteri,Chordata,,genus,Sebastes
ASV71,Sebastes paucispinis,Sebastes,Sebastidae,Perciformes,Actinopteri,Chordata,,genus,Sebastes
ASV71,Sebastes pinniger,Sebastes,Sebastidae,Perciformes,Actinopteri,Chordata,,genus,Sebastes
ASV71,Sebastes polyspinis,Sebastes,Sebastidae,Perciformes,Actinopteri,Chordata,,genus,Sebastes
ASV71,Sebastes proriger,Sebastes,Sebastidae,Perciformes,Actinopteri,Chordata,,genus,Sebastes
ASV71,Sebastes rosaceus,Sebastes,Sebastidae,Perciformes,Actinopteri,Chordata,,genus,Sebastes
ASV71,Sebastes ruberrimus,Sebastes,Sebastidae,Perciformes,Actinopteri,Chordata,,genus,Sebastes
ASV71,Sebastes variegatus,Sebastes,Sebastidae,Perciformes,Actinopteri,Chordata,,genus,Sebastes
ASV71,Sebastes wilsoni,Sebastes,Sebastidae,Perciformes,Actinopteri,Chordata,,genus,Sebastes
ASV71,Sebastes zacentrus,Sebastes,Sebastidae,Perciformes,Actinopteri,Chordata,,genus,Sebastes
ASV81,Hemilepidotus jordani,Hemilepidotus,Cottidae,Perciformes,Actinopteri,Chordata,,genus,Hemilepidotus
ASV81,Hemilepidotus papilio,Hemilepidotus,Cottidae,Perciformes,Actinopteri,Chordata,,genus,Hemilepidotus
ASV88,Pusa hispida,Pusa,Phocidae,Carnivora,Mammalia,Chordata,,genus,Pusa
ASV88,Pusa sibirica,Pusa,Phocidae,Carnivora,Mammalia,Chordata,,genus,Pusa
ASV143,Hippoglossoides elassodon,Hippoglossoides,Pleuronectidae,Pleuronectiformes,Actinopteri,Chordata,,family,Pleuronectidae
ASV143,Hippoglossoides robustus,Hippoglossoides,Pleuronectidae,Pleuronectiformes,Actinopteri,Chordata,,family,Pleuronectidae
ASV143,Limanda aspera,Limanda,Pleuronectidae,Pleuronectiformes,Actinopteri,Chordata,,family,Pleuronectidae
ASV155,Boreogadus saida,Boreogadus,Gadidae,Gadiformes,Actinopteri,Chordata,,family,Gadidae
ASV155,Gadus chalcogrammus,Gadus,Gadidae,Gadiformes,Actinopteri,Chordata,,family,Gadidae
ASV155,Gadus macrocephalus,Gadus,Gadidae,Gadiformes,Actinopteri,Chordata,,family,Gadidae
ASV164,Eudontomyzon morii,Eudontomyzon,Petromyzontidae,Petromyzontiformes,Hyperoartia,Chordata,,family,Petromyzontidae
ASV164,Lethenteron appendix,Lethenteron,Petromyzontidae,Petromyzontiformes,Hyperoartia,Chordata,,family,Petromyzontidae
ASV164,Lethenteron camtschaticum,Lethenteron,Petromyzontidae,Petromyzontiformes,Hyperoartia,Chordata,,family,Petromyzontidae
ASV164,Lethenteron reissneri,Lethenteron,Petromyzontidae,Petromyzontiformes,Hyperoartia,Chordata,,family,Petromyzontidae
ASV177,Albatrossia pectoralis,Albatrossia,Macrouridae,Gadiformes,Actinopteri,Chordata,,family,Macrouridae
ASV177,Coryphaenoides acrolepis,Coryphaenoides,Macrouridae,Gadiformes,Actinopteri,Chordata,,family,Macrouridae
ASV177,Coryphaenoides longifilis,Coryphaenoides,Macrouridae,Gadiformes,Actinopteri,Chordata,,family,Macrouridae
ASV211,Boreogadus saida,Boreogadus,Gadidae,Gadiformes,Actinopteri,Chordata,,family,Gadidae
ASV211,Gadus chalcogrammus,Gadus,Gadidae,Gadiformes,Actinopteri,Chordata,,family,Gadidae
ASV211,Gadus macrocephalus,Gadus,Gadidae,Gadiformes,Actinopteri,Chordata,,family,Gadidae
ASV240,Eleginus gracilis,Eleginus,Gadidae,Gadiformes,Actinopteri,Chordata,,family,Gadidae
ASV240,Microgadus proximus,Microgadus,Gadidae,Gadiformes,Actinopteri,Chordata,,family,Gadidae
ASV320,Hippoglossoides elassodon,Hippoglossoides,Pleuronectidae,Pleuronectiformes,Actinopteri,Chordata,,family,Pleuronectidae
ASV320,Hippoglossoides robustus,Hippoglossoides,Pleuronectidae,Pleuronectiformes,Actinopteri,Chordata,,family,Pleuronectidae
ASV320,Limanda aspera,Limanda,Pleuronectidae,Pleuronectiformes,Actinopteri,Chordata,,family,Pleuronectidae
ASV337,Bathyagonus infraspinatus,Bathyagonus,Agonidae,Perciformes,Actinopteri,Chordata,,family,Agonidae
ASV337,Bathyagonus nigripinnis,Bathyagonus,Agonidae,Perciformes,Actinopteri,Chordata,,family,Agonidae
ASV337,Agonopsis vulsa,Agonopsis,Agonidae,Perciformes,Actinopteri,Chordata,,family,Agonidae
ASV337,Xeneretmus leiops,Xeneretmus,Agonidae,Perciformes,Actinopteri,Chordata,,family,Agonidae
ASV190,Bathymaster signatus,Bathymaster,Bathymasteridae,Perciformes,Actinopteri,Chordata,,order,Perciformes
ASV190,Zaprora silenus,Zaprora,Zaproridae,Perciformes,Actinopteri,Chordata,,order,Perciformes
ASV190,Eumesogrammus praecisus,Eumesogrammus,Stichaeidae,Perciformes,Actinopteri,Chordata,,order,Perciformes
ASV190,Opisthocentrus ocellatus,Opisthocentrus,Stichaeidae,Perciformes,Actinopteri,Chordata,,order,Perciformes
ASV280,Ophiodon elongatus,Ophiodon,Hexagrammidae,Perciformes,Actinopteri,Chordata,,order,Perciformes
ASV280,Sebastes paucispinis,Sebastes,Sebastidae,Perciformes,Actinopteri,Chordata,,order,Perciformes
